GRID_ID,N_Green,N_Grocery,N_Pharmacy,N_Transport
AN-87,AI-80,AJ-87,BQ-70,AT-78
AF-86,AG-80,AJ-86,L-66,AK-76
AH-86,AG-80,AJ-86,L-66,AK-76
AF-85,AG-80,AJ-86,L-66,AK-76
AG-85,AG-80,AJ-86,L-66,AK-76
AH-85,AG-80,AJ-86,L-66,AK-76
AI-85,AI-80,AJ-86,L-66,AK-76
AJ-85,AI-80,AJ-86,L-66,AK-76
AK-85,AI-80,AJ-86,L-66,AK-76
AL-85,AI-80,AJ-86,L-66,AK-76
AM-85,AI-80,AJ-86,BQ-70,AM-76
AN-85,AI-80,AJ-86,BQ-70,AS-77
AE-84,AG-80,AJ-86,L-66,AE-75
AF-84,AG-80,AJ-86,L-66,AK-76
AG-84,AG-80,AJ-86,L-66,AK-76
AH-84,AG-80,AJ-86,L-66,AK-76
AI-84,AI-80,AJ-86,L-66,AK-76
AJ-84,AI-80,AJ-86,L-66,AK-76
AK-84,AI-80,AJ-86,L-66,AK-76
AL-84,AI-80,AJ-86,L-66,AK-76
AM-84,AI-80,AJ-86,BQ-70,AM-76
AN-84,AI-80,AJ-86,BQ-70,AO-76
AP-84,AL-78,AN-80,BQ-70,AT-78
AE-83,AG-80,AJ-86,L-66,AE-75
AF-83,AG-80,AJ-86,L-66,AE-75
AG-83,AG-80,AJ-86,L-66,AK-76
AH-83,AG-80,AJ-86,L-66,AK-76
AI-83,AI-80,AJ-86,L-66,AK-76
AJ-83,AI-80,AJ-86,L-66,AK-76
AK-83,AI-80,AJ-86,L-66,AK-76
AL-83,AI-80,AJ-86,L-66,AK-76
AM-83,AI-80,AJ-86,BQ-70,AM-76
AN-83,AI-80,AN-80,BQ-70,AO-76
AA-82,AG-80,AC-78,L-66,AE-75
AG-82,AG-80,AG-78,L-66,AK-76
AM-82,AI-80,AN-80,BQ-70,AM-76
AN-82,AL-78,AN-80,BQ-70,AO-76
AP-82,AL-78,AN-80,BQ-70,AS-77
BD-82,BD-77,BB-76,BQ-70,BD-79
Z-81,W-76,AC-78,L-66,AE-75
AB-81,AG-80,AC-78,L-66,AE-75
AD-81,AG-80,AC-78,L-66,AE-75
AJ-81,AI-80,AH-78,L-66,AK-76
AL-81,AI-80,AN-80,L-66,AK-76
AN-81,AL-78,AN-80,BQ-70,AO-76
AO-81,AL-78,AN-80,BQ-70,AO-76
AP-81,AL-78,AN-80,BQ-70,AS-77
AQ-81,AL-78,AN-80,BQ-70,AT-78
AR-81,AL-78,AN-80,BQ-70,AT-78
BP-81,BP-74,BT-77,BQ-70,BL-80
BZ-81,CA-76,BT-77,BQ-70,BL-80
T-80,W-76,T-78,L-66,AE-75
V-80,W-76,T-78,L-66,AE-75
W-80,W-76,T-78,L-66,AE-75
X-80,W-76,T-78,L-66,AE-75
Z-80,W-76,AC-78,L-66,AE-75
AA-80,AG-80,AC-78,L-66,AE-75
AB-80,AG-80,AC-78,L-66,AE-75
AC-80,AG-80,AC-78,L-66,AE-75
AD-80,AG-80,AC-78,L-66,AE-75
AE-80,AG-80,AC-78,L-66,AE-75
AJ-80,AI-80,AH-78,L-66,AK-76
AK-80,AI-80,AN-80,L-66,AK-76
AL-80,AL-78,AN-80,L-66,AK-76
AM-80,AL-78,AN-80,L-66,AM-76
AO-80,AL-78,AN-80,BQ-70,AO-76
AP-80,AL-78,AN-80,BQ-70,AR-77
AQ-80,AL-78,AN-80,BQ-70,AS-77
AR-80,AL-78,AN-80,BQ-70,AT-78
AS-80,AU-74,AN-80,BQ-70,AT-78
AT-80,AU-74,AN-80,BQ-70,AT-78
BD-80,BD-77,BB-76,BQ-70,BD-79
BI-80,BD-77,BL-74,BQ-70,BL-80
BJ-80,BD-77,BL-74,BQ-70,BL-80
BM-80,BP-74,BR-76,BQ-70,BL-80
BZ-80,CA-76,BT-77,BQ-70,BL-80
R-79,V-76,T-78,L-66,AE-75
S-79,V-76,T-78,L-66,AE-75
T-79,V-76,T-78,L-66,AE-75
V-79,W-76,T-78,L-66,AE-75
W-79,W-76,T-78,L-66,AE-75
X-79,W-76,T-78,L-66,AE-75
AA-79,W-76,AC-78,L-66,AE-75
AB-79,AG-79,AC-78,L-66,AE-75
AC-79,AG-79,AC-78,L-66,AE-75
AD-79,AG-79,AC-78,L-66,AE-75
AE-79,AG-79,AC-78,L-66,AE-75
AH-79,AG-79,AG-78,L-66,AK-76
AI-79,AI-80,AH-78,L-66,AK-76
AJ-79,AI-80,AH-78,L-66,AK-76
AK-79,AL-78,AN-80,L-66,AK-76
AL-79,AL-78,AN-80,L-66,AK-76
AM-79,AL-78,AN-80,L-66,AM-76
AN-79,AL-78,AN-80,BQ-70,AO-76
AO-79,AL-78,AN-80,BQ-70,AO-76
AP-79,AL-78,AN-80,BQ-70,AR-77
AQ-79,AL-78,AN-80,BQ-70,AS-77
AR-79,AR-74,AN-80,BQ-70,AS-77
AS-79,AU-74,AN-80,BQ-70,AT-78
AT-79,AU-74,AV-75,BQ-70,AT-78
BC-79,BD-77,BB-76,BQ-70,BD-79
BE-79,BD-77,BB-76,BQ-70,BD-79
BO-79,BP-74,BR-76,BQ-70,BL-80
BX-79,BZ-76,BT-77,BQ-70,BL-80
N-78,K-72,K-77,L-66,AE-75
R-78,V-76,T-78,L-66,AE-75
S-78,V-76,T-78,L-66,AE-75
V-78,W-76,T-78,L-66,AE-75
W-78,W-76,T-78,L-66,AE-75
X-78,W-76,T-78,L-66,AE-75
Y-78,W-76,AC-78,L-66,AE-75
AA-78,W-76,AC-78,L-66,AE-75
AB-78,W-76,AC-78,L-66,AE-75
AD-78,AG-79,AC-78,L-66,AE-75
AE-78,AG-79,AG-78,L-66,AE-75
AF-78,AG-79,AG-78,L-66,AE-75
AI-78,AI-80,AH-78,L-66,AK-76
AJ-78,AL-78,AH-78,L-66,AK-76
AK-78,AL-78,AH-78,L-66,AK-76
AM-78,AL-78,AN-80,L-66,AM-76
AN-78,AL-78,AN-80,BQ-70,AO-76
AO-78,AL-78,AN-80,BQ-70,AO-76
AP-78,AL-78,AN-80,BQ-70,AO-76
AQ-78,AL-78,AN-80,BQ-70,AR-77
AR-78,AR-74,AN-80,BQ-70,AR-77
AS-78,AU-74,AV-75,BQ-70,AT-78
BT-78,BP-74,BT-77,BQ-70,BL-80
BV-78,BZ-76,BT-77,BQ-70,BL-80
BW-78,BZ-76,BT-77,BQ-70,BL-80
BX-78,BZ-76,BT-77,BQ-70,BL-80
BY-78,CA-76,BT-77,BQ-70,BL-80
BZ-78,CA-76,BT-77,BQ-70,BL-80
L-77,K-72,K-77,L-66,AE-75
M-77,K-72,K-77,L-66,AE-75
N-77,K-72,L-76,L-66,AE-75
P-77,V-76,Q-75,L-66,AE-75
Q-77,V-76,Q-75,L-66,AE-75
R-77,V-76,Q-75,L-66,AE-75
S-77,V-76,T-78,L-66,AE-75
T-77,V-76,T-78,L-66,AE-75
U-77,V-76,T-78,L-66,AE-75
V-77,W-76,T-78,L-66,AE-75
Y-77,W-76,W-74,L-66,AE-75
AA-77,W-76,AC-78,L-66,AE-75
AB-77,W-76,AC-78,L-66,AE-75
AC-77,AG-79,AC-78,L-66,AE-75
AD-77,AG-79,AC-78,L-66,AE-75
AE-77,AG-79,AG-77,L-66,AE-75
AF-77,AG-79,AG-77,L-66,AE-75
AH-77,AG-79,AH-78,L-66,AK-76
AI-77,AG-79,AH-78,L-66,AK-76
AJ-77,AL-78,AH-78,L-66,AK-76
AK-77,AL-78,AH-78,L-66,AK-76
AL-77,AL-78,AN-80,L-66,AK-76
AM-77,AL-78,AN-80,L-66,AM-76
AN-77,AL-78,AN-80,BQ-70,AM-76
AO-77,AL-78,AN-80,BQ-70,AO-76
AZ-77,AX-74,BB-76,BQ-70,BD-79
BB-77,BD-77,BB-76,BQ-70,BD-79
BC-77,BD-77,BB-76,BQ-70,BD-79
BU-77,BX-74,BT-77,BQ-70,BL-80
BV-77,BX-74,BT-77,BQ-70,BL-80
BW-77,BZ-76,BT-77,BQ-70,BL-80
BX-77,BZ-76,BT-77,BQ-70,BL-80
BY-77,BZ-76,BT-77,BQ-70,BL-80
BZ-77,CA-76,BT-77,BQ-70,BL-80
M-76,K-72,L-76,L-66,AE-75
N-76,L-72,L-76,L-66,AE-75
O-76,L-72,Q-75,L-66,AE-75
P-76,V-76,Q-75,L-66,AE-75
Q-76,V-76,Q-75,L-66,AE-75
R-76,V-76,Q-75,L-66,AE-75
S-76,V-76,R-75,L-66,AE-75
T-76,V-76,T-78,L-66,AE-75
U-76,V-76,T-78,L-66,AE-75
X-76,W-76,W-74,L-66,AE-75
Y-76,W-76,W-74,L-66,AE-75
Z-76,W-75,W-74,L-66,AE-75
AA-76,W-76,AC-78,L-66,AE-75
AB-76,W-75,AC-78,L-66,AE-75
AC-76,AG-79,AC-78,L-66,AE-75
AD-76,AG-79,AC-78,L-66,AE-75
AE-76,AG-79,AG-77,L-66,AE-75
AF-76,AG-79,AG-77,L-66,AE-75
AG-76,AG-79,AG-77,L-66,AE-75
AI-76,AL-78,AH-78,L-66,AK-76
AZ-76,AY-73,BB-76,BQ-70,AU-77
BA-76,BD-77,BB-76,BQ-70,BD-79
BC-76,BD-77,BB-76,BQ-70,BD-79
BD-76,BD-77,BB-76,BQ-70,BD-79
BH-76,BD-77,BL-74,BQ-70,BD-79
BI-76,BD-77,BL-74,BQ-70,BL-80
BL-76,BP-74,BL-74,BQ-70,BL-80
BM-76,BP-74,BL-74,BQ-70,BL-80
BQ-76,BP-74,BR-76,BQ-70,BL-80
BS-76,BP-74,BT-77,BQ-70,BL-80
BT-76,BP-74,BT-77,BQ-70,BL-80
BU-76,BX-74,BT-77,BQ-70,BL-80
BV-76,BX-74,BT-77,BQ-70,BL-80
BW-76,BZ-76,BT-77,BQ-70,BL-80
BX-76,BZ-76,BT-77,BQ-70,BL-80
BY-76,BZ-76,BT-77,BQ-70,BL-80
L-75,K-72,L-76,L-66,AE-75
M-75,K-72,L-76,L-66,AE-75
N-75,L-72,L-76,L-66,AE-75
O-75,L-72,Q-75,L-66,AE-75
S-75,V-76,R-75,L-66,AE-75
T-75,V-75,R-75,L-66,AE-75
U-75,V-76,V-74,L-66,AE-75
X-75,W-75,W-74,L-66,AE-75
Y-75,W-75,W-74,L-66,AE-75
Z-75,W-75,W-74,L-66,AE-75
AA-75,W-75,AC-78,L-66,AE-75
AB-75,W-75,AC-78,L-66,AE-75
AC-75,W-75,AC-78,L-66,AE-75
AD-75,AG-71,AG-77,L-66,AE-75
AY-75,AX-74,BB-76,BQ-70,AU-77
AZ-75,AY-73,BB-76,BQ-70,AU-77
BA-75,AY-73,BB-76,BQ-70,BD-79
BB-75,BB-73,BB-76,BQ-70,BD-79
BC-75,BD-77,BB-76,BQ-70,BD-79
BD-75,BD-77,BB-76,BQ-70,BD-79
BE-75,BD-77,BB-76,BQ-70,BD-79
BF-75,BD-77,BB-76,BQ-70,BD-79
BK-75,BI-71,BL-74,BQ-70,BL-80
BL-75,BP-74,BL-74,BQ-70,BL-80
BM-75,BP-74,BL-74,BQ-70,BL-80
BP-75,BP-74,BN-74,BQ-70,BL-80
BQ-75,BP-74,BR-76,BQ-70,BL-80
BR-75,BP-74,BR-76,BQ-70,BL-80
BS-75,BP-74,BR-76,BQ-70,BL-80
BT-75,BW-72,BR-76,BQ-70,BL-80
BU-75,BX-74,BT-77,BQ-70,BL-80
BV-75,BX-74,BT-77,BQ-70,BL-80
BW-75,BX-74,BT-77,BQ-70,BL-80
BX-75,BY-74,BT-77,BQ-70,BL-80
BY-75,BZ-76,BT-77,BQ-70,BL-80
J-74,K-72,K-76,L-66,AE-75
K-74,K-72,L-76,L-66,AE-75
L-74,K-72,L-76,L-66,AE-75
M-74,L-72,L-76,L-66,AE-75
N-74,L-72,M-71,L-66,AE-75
O-74,L-72,Q-74,L-66,AE-75
P-74,L-72,Q-74,L-66,AE-75
R-74,V-75,R-75,L-66,AE-75
S-74,V-75,R-75,L-66,AE-75
T-74,V-75,T-73,L-66,AE-75
U-74,V-75,V-74,L-66,AE-75
X-74,W-75,W-74,L-66,AE-75
Y-74,W-75,W-74,L-66,AE-75
Z-74,W-75,W-74,L-66,AE-75
AA-74,W-75,W-74,L-66,AE-75
AB-74,W-75,AD-71,L-66,AE-75
AC-74,AG-71,AD-71,L-66,AE-75
AD-74,AG-71,AD-71,L-66,AE-75
AL-74,AJ-72,AL-72,L-66,AK-75
AN-74,AQ-73,AL-72,BQ-70,AN-76
AO-74,AQ-73,AL-72,BQ-70,AN-76
AP-74,AQ-73,AL-72,BQ-70,AO-76
AY-74,AX-74,AV-75,BQ-70,AU-77
BE-74,BD-77,BB-76,BQ-70,BD-79
BF-74,BF-71,BB-76,BQ-70,BD-79
BG-74,BI-71,BL-74,BQ-70,BD-79
BH-74,BI-71,BL-74,BQ-70,BD-79
BI-74,BI-71,BL-74,BQ-70,BL-80
BJ-74,BI-71,BL-74,BQ-70,BL-80
BM-74,BP-74,BL-74,BQ-70,BL-80
BO-74,BP-74,BN-74,BQ-70,BL-80
BQ-74,BP-74,BR-76,BQ-70,BL-80
BR-74,BP-74,BR-76,BQ-70,BL-80
BS-74,BP-74,BR-76,BQ-70,BL-80
BT-74,BW-72,BR-76,BQ-70,BL-80
BU-74,BX-74,BT-77,BQ-70,BL-80
BV-74,BX-74,BT-77,BQ-70,BL-80
BW-74,BX-74,BT-77,BQ-70,BL-80
I-73,K-72,K-76,L-66,AE-75
J-73,K-72,L-71,L-66,AE-75
K-73,K-72,L-76,L-66,AE-75
M-73,L-72,M-71,L-66,AE-75
N-73,L-72,M-71,L-66,AE-75
O-73,L-72,Q-74,L-66,AE-75
P-73,L-72,Q-72,L-66,AE-75
Q-73,V-75,Q-74,L-66,AE-75
S-73,V-75,R-73,L-66,AE-75
U-73,V-75,V-74,L-66,AE-75
V-73,V-75,V-74,L-66,AE-75
W-73,V-75,V-74,L-66,AE-75
X-73,W-75,W-74,L-66,AE-75
Y-73,W-75,W-74,L-66,AE-75
Z-73,W-75,Y-71,L-66,AE-75
AA-73,W-75,Z-71,L-66,AE-75
AB-73,AG-71,AD-71,L-66,AE-75
AC-73,AG-71,AD-71,L-66,AE-75
AD-73,AG-71,AD-71,L-66,AE-75
AE-73,AG-71,AH-73,L-66,AE-75
AJ-73,AI-72,AI-73,L-66,AK-75
AK-73,AJ-72,AL-72,L-66,AK-75
AL-73,AK-71,AL-72,L-66,AK-75
AM-73,AK-71,AL-72,L-66,AK-75
AN-73,AQ-72,AL-72,BQ-70,AN-76
AO-73,AQ-73,AL-72,BQ-70,AN-76
AP-73,AQ-73,AL-72,BQ-70,AN-76
BD-73,BB-73,BB-76,BQ-70,BD-79
BE-73,BB-73,BB-76,BQ-70,BD-79
BF-73,BF-71,BB-76,BQ-70,BD-79
BG-73,BF-71,BL-74,BQ-70,BD-79
BH-73,BI-71,BL-74,BQ-70,BD-79
BI-73,BI-71,BL-74,BQ-70,BD-79
BJ-73,BI-71,BL-74,BQ-70,BL-80
BK-73,BI-71,BL-74,BQ-70,BL-80
BL-73,BI-71,BL-74,BQ-70,BL-80
BN-73,BP-74,BN-74,BQ-70,BL-80
BO-73,BP-74,BN-74,BQ-70,BL-80
BP-73,BP-74,BP-72,BQ-70,BL-80
BQ-73,BP-74,BP-72,BQ-70,BL-80
BR-73,BP-74,BP-72,BQ-70,BL-80
BS-73,BP-74,BR-76,BQ-70,BL-80
BT-73,BT-71,BR-76,BQ-70,BL-80
BU-73,BW-72,BT-77,BQ-70,BL-80
BV-73,BW-72,BT-77,BQ-70,BL-80
BW-73,BX-74,BT-77,BQ-70,BL-80
I-72,K-72,H-70,L-66,AE-75
J-72,K-72,L-71,L-66,AE-75
O-72,L-72,P-71,L-66,AE-75
P-72,L-72,Q-72,L-66,AE-75
S-72,V-75,R-73,L-66,AE-75
T-72,V-75,T-73,L-66,AE-75
U-72,V-75,T-73,L-66,AE-75
V-72,V-75,T-73,L-66,AE-75
W-72,V-75,V-74,L-66,AE-75
X-72,V-75,Y-71,L-66,AE-75
Y-72,W-75,Y-71,L-66,AE-75
Z-72,W-75,Y-71,L-66,AE-75
AA-72,W-75,Z-71,L-66,AE-75
AB-72,AG-71,Z-71,L-66,AE-75
AC-72,AG-71,AD-71,L-66,AE-75
AD-72,AG-71,AD-71,L-66,AE-75
AE-72,AG-71,AD-71,L-66,AE-75
AK-72,AJ-72,AL-72,L-66,AK-75
AM-72,AK-71,AL-72,L-66,AK-75
AN-72,AK-71,AL-72,L-66,AN-76
AO-72,AQ-72,AL-72,BQ-70,AN-76
AP-72,AQ-72,AL-72,BQ-70,AN-76
AR-72,AR-73,AV-75,BQ-70,AR-77
AT-72,AT-73,AV-75,BQ-70,AT-77
AV-72,AT-73,AV-75,BQ-70,AT-77
AX-72,AY-72,AV-75,BQ-70,AU-77
AZ-72,AZ-73,BB-76,BQ-70,AU-77
BB-72,BB-73,BB-76,BQ-70,BD-79
BC-72,BB-73,BB-76,BQ-70,BD-79
BD-72,BE-70,BB-76,BQ-70,BD-79
BE-72,BF-71,BB-76,BQ-70,BD-79
BF-72,BF-71,BB-76,BQ-70,BD-79
BG-72,BF-71,BL-74,BQ-70,BD-79
BH-72,BI-71,BL-74,BQ-70,BD-79
BI-72,BI-71,BL-74,BQ-70,BD-79
BJ-72,BI-71,BL-74,BQ-70,BL-80
BK-72,BI-71,BL-74,BQ-70,BL-80
BL-72,BI-71,BM-73,BQ-70,BL-80
BM-72,BP-74,BM-73,BQ-70,BL-80
BN-72,BP-74,BM-73,BQ-70,BL-80
BO-72,BP-74,BP-72,BQ-70,BL-80
BQ-72,BP-74,BP-72,BQ-70,BL-80
BR-72,BT-71,BP-72,BQ-70,BL-80
BS-72,BT-71,BP-72,BQ-70,BL-80
BT-72,BT-71,BP-72,BQ-70,BL-80
BU-72,BT-71,BR-76,BQ-70,BL-80
BV-72,BW-72,BP-72,BQ-70,BL-80
N-71,L-72,M-71,L-66,AE-75
O-71,L-72,P-71,L-66,AE-75
Q-71,L-72,Q-72,L-66,AE-75
R-71,V-75,R-72,L-66,AE-75
S-71,V-75,R-72,L-66,AE-75
T-71,V-75,T-73,L-66,AE-75
U-71,V-75,T-73,L-66,AE-75
V-71,V-75,T-73,L-66,AE-75
W-71,V-75,Y-71,L-66,AE-75
X-71,V-75,Y-71,L-66,AE-75
AA-71,AG-71,Z-71,L-66,AE-75
AB-71,AG-71,Z-71,L-66,AE-75
AC-71,AG-71,AD-71,L-66,AE-75
AE-71,AG-71,AD-71,L-66,AE-75
AF-71,AG-71,AD-71,L-66,AE-75
AM-71,AK-71,AL-72,L-66,AK-75
AN-71,AK-71,AL-71,L-66,AN-76
AO-71,AQ-72,AL-72,BQ-70,AN-76
AP-71,AQ-72,AL-71,BQ-70,AN-76
AQ-71,AQ-72,AL-72,BQ-70,AN-76
AR-71,AQ-72,AL-71,BQ-70,AO-76
AS-71,AS-72,AV-75,BQ-70,AR-77
AT-71,AS-72,AV-75,BQ-70,AT-77
AU-71,AT-73,AV-75,BQ-70,AT-77
AV-71,AT-73,AW-67,BQ-70,AT-77
AW-71,AY-72,AV-75,BQ-70,AT-77
AX-71,AY-72,AW-67,BQ-70,AT-77
AY-71,AY-72,AY-67,BQ-70,AU-77
AZ-71,AY-72,AY-67,BQ-70,AU-77
BA-71,BA-72,AY-67,BQ-70,AU-77
BB-71,BA-72,AY-67,BQ-70,BD-79
BC-71,BD-70,BB-76,BQ-70,BD-79
BD-71,BE-70,BB-76,BQ-70,BD-79
BE-71,BF-71,BB-76,BQ-70,BD-79
BG-71,BF-71,BL-74,BQ-70,BD-79
BJ-71,BI-71,BL-74,BQ-70,BL-80
BK-71,BI-71,BM-73,BQ-70,BL-80
BL-71,BI-71,BM-73,BQ-70,BL-80
BM-71,BI-71,BM-73,BQ-70,BL-80
BN-71,BP-74,BP-71,BQ-70,BL-80
BO-71,BP-74,BP-72,BQ-70,BL-80
BQ-71,BT-71,BP-72,BQ-70,BL-80
BR-71,BT-71,BP-71,BQ-70,BL-80
BS-71,BT-71,BP-72,BQ-70,BL-80
BU-71,BT-71,BP-72,BQ-70,BL-80
CB-71,CB-72,CA-66,BQ-70,BL-80
CC-71,CB-72,CA-66,BQ-70,BL-80
G-70,K-70,H-70,L-66,AE-75
Q-70,L-72,P-71,L-66,AE-75
R-70,L-72,P-70,L-66,AE-75
S-70,V-75,R-72,L-66,AE-75
T-70,V-75,R-72,L-66,AE-75
U-70,V-75,T-73,L-66,AE-75
V-70,V-75,Y-70,L-66,AE-75
W-70,V-75,Y-70,L-66,AE-75
X-70,V-75,Y-70,L-66,AE-75
Z-70,W-75,Z-71,L-66,AE-75
AA-70,AG-70,Z-71,L-66,AE-75
AB-70,AG-70,Z-71,L-66,AE-75
AC-70,AG-70,AD-71,L-66,AE-75
AD-70,AG-70,AD-71,L-66,AE-75
AE-70,AG-70,AD-71,L-66,AE-75
AF-70,AG-70,AE-68,L-66,AE-75
AH-70,AH-71,AH-73,L-66,AK-75
AJ-70,AJ-71,AL-71,L-66,AK-75
AL-70,AK-70,AL-71,L-66,AK-75
AM-70,AK-70,AL-71,L-66,AK-75
AN-70,AK-70,AL-71,L-66,AK-75
AO-70,AQ-72,AL-71,BQ-70,AN-76
AP-70,AQ-72,AL-71,BQ-70,AN-76
AQ-70,AQ-72,AL-71,BQ-70,AN-76
AR-70,AQ-72,AW-67,BQ-70,AN-76
AS-70,AS-72,AW-67,BQ-70,AR-77
AT-70,AS-72,AW-67,BQ-70,AT-77
AU-70,AT-73,AW-67,BQ-70,AT-77
AV-70,AT-73,AW-67,BQ-70,AT-77
AW-70,AY-72,AW-67,BQ-70,AT-77
AX-70,AY-72,AW-67,BQ-70,AT-77
AY-70,AY-72,AY-67,BQ-70,AU-77
AZ-70,AY-72,AY-67,BQ-70,AU-77
BA-70,BA-72,AY-67,BQ-70,AU-77
BB-70,BD-70,AY-67,BQ-70,BD-79
BC-70,BD-70,AY-67,BQ-70,BD-79
BH-70,BH-71,BL-74,BQ-70,BD-79
BJ-70,BI-70,BM-73,BQ-70,BL-80
BK-70,BI-70,BM-73,BQ-70,BL-80
BL-70,BJ-69,BP-70,BQ-70,BL-80
BM-70,BJ-69,BP-70,BQ-70,BL-80
BN-70,BJ-69,BP-70,BQ-70,BL-80
BO-70,BS-69,BP-71,BQ-70,BL-80
CA-70,BZ-71,CA-66,BQ-70,BL-80
CB-70,CA-71,CA-66,BQ-70,BL-80
CC-70,CD-71,CA-66,BQ-70,BL-80
CD-70,CD-71,CA-66,BQ-70,BL-80
G-69,K-70,H-70,L-66,AE-75
I-69,K-70,H-70,L-66,AE-75
J-69,K-70,H-69,L-66,AE-75
K-69,K-70,L-71,L-66,AE-75
L-69,K-70,M-68,L-66,AE-75
Q-69,L-72,P-70,L-66,AE-75
R-69,R-64,Q-68,L-66,AE-75
S-69,R-64,Q-68,L-66,AE-75
T-69,R-64,Q-68,L-66,AE-75
U-69,V-75,Q-68,L-66,AE-75
V-69,R-64,Y-70,L-66,AE-75
W-69,V-75,Y-70,L-66,AE-75
X-69,V-75,Y-70,L-66,AE-75
Y-69,V-75,Y-70,L-66,AE-75
Z-69,AG-70,Y-70,L-66,AE-75
AA-69,AG-70,Z-71,L-66,AE-75
AB-69,AG-70,AD-68,L-66,AE-75
AC-69,AG-70,AD-71,L-66,AE-75
AD-69,AG-70,AD-68,L-66,AE-75
AE-69,AG-70,AE-68,L-66,AE-75
AF-69,AG-70,AE-68,L-66,AE-75
AG-69,AG-70,AE-68,L-66,AE-75
AH-69,AG-70,AE-68,L-66,AK-75
AI-69,AI-70,AL-71,L-66,AK-75
AJ-69,AI-70,AL-71,L-66,AK-75
AK-69,AK-70,AL-71,L-66,AK-75
AL-69,AK-70,AL-71,L-66,AK-75
AM-69,AK-70,AL-71,L-66,AK-75
AN-69,AK-70,AL-71,L-66,AK-75
AO-69,AQ-72,AL-71,BQ-70,AN-76
AP-69,AQ-72,AL-71,BQ-70,AN-76
AQ-69,AQ-72,AL-71,BQ-70,AN-76
AR-69,AQ-72,AW-67,BQ-70,AN-76
AS-69,AS-72,AW-67,BQ-70,AR-77
AT-69,AS-72,AW-67,BQ-70,AT-77
AU-69,AS-72,AW-67,BQ-70,AT-77
AV-69,AY-72,AW-67,BQ-70,AT-77
AW-69,AY-72,AW-67,BQ-70,AT-77
AX-69,AZ-66,AW-67,BQ-70,AT-77
AY-69,AY-72,AY-67,BQ-70,AT-77
AZ-69,AZ-66,AY-67,BQ-70,AU-77
BA-69,BD-70,AY-67,BQ-70,AU-77
BB-69,BD-70,AY-67,BQ-70,BD-79
BC-69,BD-70,AY-67,BQ-70,BD-79
BD-69,BD-70,AY-67,BQ-70,BD-79
BF-69,BF-70,AY-67,BQ-70,BD-79
BG-69,BF-70,BL-74,BQ-70,BD-79
BH-69,BI-69,BL-74,BQ-70,BD-79
BK-69,BJ-69,BP-69,BQ-70,BL-80
BL-69,BJ-69,BP-69,BQ-70,BL-80
BM-69,BJ-69,BP-69,BQ-70,BL-80
BN-69,BJ-69,BP-69,BQ-70,BL-80
BO-69,BS-69,BP-70,BQ-70,BL-80
BQ-69,BS-69,BP-70,BQ-70,BL-80
BX-69,BX-70,BZ-66,BQ-70,BL-80
CA-69,BZ-70,CA-66,BQ-70,BL-80
CB-69,BZ-69,CA-66,BQ-70,BL-80
CC-69,CE-69,CA-66,BQ-70,BL-80
CD-69,CE-69,CA-66,BQ-70,BL-80
H-68,K-70,H-69,L-66,AE-75
I-68,K-70,H-69,L-66,AE-75
J-68,K-70,H-69,L-66,AE-75
K-68,K-70,M-68,L-66,AE-75
L-68,K-70,M-68,L-66,AE-75
R-68,R-64,Q-68,L-66,AE-75
S-68,R-64,Q-68,L-66,AE-75
T-68,R-64,Q-67,L-66,AE-75
U-68,R-64,Q-68,L-66,AE-75
V-68,S-63,Y-70,L-66,AE-75
W-68,S-63,Y-70,L-66,AE-75
X-68,T-63,Y-70,L-66,AE-75
Y-68,U-62,Y-70,L-66,AE-75
Z-68,AG-70,Y-70,L-66,AE-75
AA-68,AG-70,AD-68,L-66,AE-75
AB-68,AG-70,AD-68,L-66,AE-75
AC-68,AG-70,AD-68,L-66,AE-75
AF-68,AH-67,AE-68,L-66,AE-75
AG-68,AH-67,AE-68,L-66,AE-75
AH-68,AI-67,AE-68,L-66,AK-75
AI-68,AI-67,AE-68,L-66,AK-75
AJ-68,AI-67,AL-71,L-66,AK-75
AK-68,AJ-67,AL-71,L-66,AK-75
AL-68,AJ-67,AL-71,L-66,AK-75
AM-68,AK-70,AL-71,L-66,AK-75
AN-68,AL-65,AN-65,L-66,AK-75
AO-68,AK-70,AN-65,BQ-70,AN-76
AP-68,AQ-72,AN-65,BQ-70,AN-76
AQ-68,AQ-72,AN-65,BQ-70,AN-76
AR-68,AQ-72,AW-67,BQ-70,AN-76
AS-68,AS-72,AW-67,BQ-70,AR-77
AT-68,AS-72,AW-67,BQ-70,AT-77
AU-68,AS-72,AW-67,BQ-70,AT-77
AV-68,AZ-66,AW-67,BQ-70,AT-77
AW-68,AZ-66,AW-67,BQ-70,AT-77
AX-68,AZ-66,AW-67,BQ-70,AT-77
AY-68,AZ-66,AY-67,BQ-70,AT-77
AZ-68,AZ-66,AY-67,BQ-70,AT-77
BA-68,AZ-66,AY-67,BQ-70,AU-77
BB-68,BD-70,AY-67,BQ-70,BD-79
BC-68,BD-70,AY-67,BQ-70,BD-79
BD-68,BE-69,AY-67,BQ-70,BD-79
BE-68,BE-69,AY-67,BQ-70,BD-79
BF-68,BE-69,AY-67,BQ-70,BD-79
BG-68,BF-70,BM-64,BQ-70,BD-79
BH-68,BI-68,BM-64,BQ-70,BD-79
BK-68,BJ-69,BP-69,BQ-70,BL-80
BL-68,BJ-68,BN-65,BQ-70,BL-80
BM-68,BJ-69,BP-69,BQ-70,BL-80
BN-68,BJ-68,BP-69,BQ-70,BL-80
BO-68,BS-68,BP-69,BQ-70,BL-80
BP-68,BS-67,BP-69,BQ-70,BL-80
BQ-68,BS-68,BP-69,BQ-70,BL-80
BV-68,BV-69,BU-65,BQ-70,BL-80
BW-68,BV-69,BW-65,BQ-70,BL-80
BX-68,BZ-68,BW-65,BQ-70,BL-80
BY-68,BZ-69,CA-66,BQ-70,BL-80
CA-68,BZ-69,CA-66,BQ-70,BL-80
CB-68,BZ-68,CA-66,BQ-70,BL-80
CC-68,CE-69,CA-66,BQ-70,BL-80
CD-68,CE-69,CA-66,BQ-70,BL-80
CE-68,CE-69,CA-66,BQ-70,BL-80
CF-68,CG-67,CA-66,BQ-70,BL-80
CG-68,CG-67,CA-66,BQ-70,BL-80
G-67,K-70,H-69,L-66,AE-75
H-67,K-70,H-69,L-66,AE-75
I-67,K-70,H-69,L-66,AE-75
J-67,K-70,H-69,L-66,AE-75
K-67,K-70,M-68,L-66,AE-75
L-67,K-70,M-68,L-66,AE-75
M-67,K-70,M-68,L-66,AE-75
N-67,Q-63,O-67,L-66,AE-75
R-67,R-64,Q-67,L-66,AE-75
S-67,R-64,Q-67,L-66,AE-75
T-67,R-64,R-66,L-66,AE-75
U-67,S-63,R-66,L-66,AE-75
V-67,S-63,R-66,L-66,AE-75
W-67,T-63,Y-70,L-66,AE-75
X-67,U-62,Y-70,L-66,AE-75
Y-67,U-62,Y-70,L-66,AE-75
Z-67,V-62,AD-67,L-66,AE-75
AA-67,AG-65,AD-68,L-66,AE-75
AB-67,AG-65,AD-67,L-66,AE-75
AC-67,AG-65,AD-68,L-66,AE-75
AE-67,AH-67,AD-68,L-66,AE-75
AF-67,AH-67,AE-66,L-66,AE-75
AG-67,AH-67,AE-68,L-66,AE-75
AK-67,AJ-67,AM-64,L-66,AK-75
AL-67,AK-65,AM-64,L-66,AK-75
AM-67,AK-65,AN-65,L-66,AK-75
AN-67,AL-65,AN-65,L-66,AK-75
AO-67,AL-65,AN-65,BQ-70,AN-76
AP-67,AL-65,AN-65,BQ-70,AN-76
AQ-67,AL-65,AN-65,BQ-70,AN-76
AR-67,AQ-72,AN-65,BQ-70,AN-76
AS-67,AS-72,AW-67,BQ-70,AN-76
AT-67,AX-64,AW-67,BQ-70,AT-77
AU-67,AX-64,AW-67,BQ-70,AT-77
AV-67,AX-64,AW-67,BQ-70,AT-77
AZ-67,AZ-66,AY-67,BQ-70,AT-77
BA-67,AZ-66,AY-67,BQ-70,AU-77
BB-67,AZ-66,AY-67,BQ-70,AU-77
BC-67,BE-69,AY-67,BQ-70,BD-79
BD-67,BE-69,AY-67,BQ-70,BD-79
BE-67,BE-69,AY-67,BQ-70,BD-79
BF-67,BI-67,AY-67,BQ-70,BD-79
BG-67,BI-67,BM-64,BQ-70,BD-79
BH-67,BI-67,BM-64,BQ-70,BD-79
BK-67,BJ-68,BM-64,BQ-70,BL-80
BL-67,BJ-67,BN-65,BQ-70,BL-80
BM-67,BJ-68,BN-65,BQ-70,BL-80
BN-67,BJ-67,BN-65,BQ-70,BL-80
BO-67,BS-67,BP-69,BQ-70,BL-80
BP-67,BS-67,BQ-65,BQ-70,BL-80
BQ-67,BS-67,BP-69,BQ-70,BL-80
BR-67,BS-67,BR-66,BQ-70,BL-80
BT-67,BT-68,BU-65,BQ-70,BL-80
BU-67,BT-68,BU-65,BQ-70,BL-80
BV-67,BU-68,BU-65,BQ-70,BL-80
BW-67,BV-69,BW-65,BQ-70,BL-80
BX-67,BZ-68,BW-65,BQ-70,BL-80
BY-67,BZ-68,BZ-66,BQ-70,BL-80
BZ-67,BZ-68,CA-66,BQ-70,BL-80
CA-67,BZ-68,CA-66,BQ-70,BL-80
CB-67,BZ-68,CA-66,BQ-70,BL-80
CC-67,CD-66,CA-66,BQ-70,BL-80
CD-67,CE-66,CA-66,BQ-70,BL-80
CE-67,CF-67,CA-66,BQ-70,BL-80
G-66,K-70,H-69,L-66,AE-75
H-66,K-70,H-69,L-66,AE-75
I-66,K-70,H-69,L-66,AE-75
J-66,K-70,H-69,L-66,AE-75
K-66,K-70,M-68,L-66,AE-75
M-66,K-70,O-67,L-66,AE-75
N-66,Q-63,O-64,L-66,AE-75
P-66,R-64,P-67,L-66,AE-75
S-66,R-64,R-66,L-66,AE-75
T-66,S-63,R-66,L-66,AE-75
U-66,S-63,R-66,L-66,AE-75
W-66,T-63,Y-70,L-66,AE-75
X-66,U-62,Y-61,L-66,AE-75
Y-66,V-62,Y-70,L-66,AE-75
Z-66,V-62,AD-67,L-66,AE-75
AA-66,AG-65,AD-67,L-66,AE-75
AB-66,AG-65,AD-67,L-66,AE-75
AC-66,AG-65,AD-67,L-66,AE-75
AD-66,AG-65,AD-67,L-66,AE-75
AF-66,AG-65,AE-66,L-66,AE-75
AG-66,AH-67,AE-66,L-66,AE-75
AM-66,AL-65,AN-65,L-66,AK-75
AN-66,AL-65,AN-65,L-66,AK-75
AO-66,AL-65,AN-65,BQ-70,AK-75
AP-66,AL-65,AN-65,BQ-70,AN-76
AQ-66,AL-65,AN-65,BQ-70,AN-76
AR-66,AL-65,AN-65,BQ-70,AN-76
AS-66,AX-64,AW-67,BQ-70,AN-76
AT-66,AX-64,AW-64,BQ-70,AT-77
AU-66,AX-64,AW-67,BQ-70,AT-77
AV-66,AX-64,AX-66,BQ-70,AT-77
AW-66,AX-64,AW-67,BQ-70,AT-77
BA-66,AZ-66,AY-66,BQ-70,AT-77
BB-66,AZ-66,AY-66,BQ-70,AU-77
BC-66,AZ-66,AY-66,BQ-70,BD-79
BD-66,BF-64,AY-66,BQ-70,BD-79
BE-66,BF-64,AY-66,BQ-70,BD-79
BF-66,BF-64,AY-66,BQ-70,BD-79
BG-66,BI-66,BM-64,BQ-70,BD-79
BH-66,BI-66,BM-64,BQ-70,BD-79
BJ-66,BJ-67,BM-64,BQ-70,BD-79
BK-66,BJ-67,BM-64,BQ-70,BL-80
BL-66,BJ-67,BM-64,BQ-70,BL-80
BM-66,BJ-67,BN-65,BQ-70,BL-80
BN-66,BJ-67,BN-65,BQ-70,BL-80
BO-66,BS-67,BN-65,BQ-70,BL-80
BP-66,BS-67,BQ-65,BQ-70,BL-80
BQ-66,BS-67,BR-66,BQ-70,BL-80
BS-66,BS-67,BR-66,BQ-70,BL-80
BT-66,BS-67,BU-65,BQ-70,BL-80
BU-66,BT-68,BU-65,BQ-70,BL-80
BV-66,BT-68,BU-65,BQ-70,BL-80
BW-66,BV-69,BW-65,BQ-70,BL-80
BX-66,BZ-68,BW-65,BQ-70,BL-80
BY-66,BZ-68,BZ-66,BQ-70,BL-80
CB-66,CD-66,CA-66,BQ-70,BL-80
CC-66,CD-66,CA-66,BQ-70,BL-80
CF-66,CF-67,CA-66,BQ-70,BL-80
F-65,K-70,H-69,L-66,AE-75
G-65,K-70,H-69,L-66,AE-75
H-65,K-70,H-69,L-66,AE-75
I-65,K-70,H-69,L-66,AE-75
J-65,K-70,M-63,L-66,AE-75
K-65,K-70,M-63,L-66,AE-75
L-65,P-62,M-63,L-66,AE-75
M-65,Q-63,O-64,L-66,AE-75
N-65,Q-63,O-64,L-66,AE-75
O-65,Q-63,P-65,L-66,AE-75
S-65,R-64,R-66,L-66,AE-75
T-65,S-63,R-65,L-66,AE-75
U-65,T-63,R-65,L-66,AE-75
V-65,T-63,R-65,L-66,AE-75
X-65,V-62,Y-61,L-66,AE-75
Y-65,V-62,Y-61,L-66,AE-75
Z-65,V-62,Y-61,L-66,AE-75
AA-65,AG-65,AD-67,L-66,AE-75
AB-65,AG-65,AD-67,L-66,AE-75
AC-65,AG-65,AD-67,L-66,AE-75
AD-65,AG-65,AE-66,L-66,AE-75
AE-65,AG-65,AE-66,L-66,AE-75
AF-65,AG-65,AE-66,L-66,AE-75
AM-65,AL-65,AN-65,L-66,AK-75
AO-65,AL-65,AN-65,BQ-70,AK-75
AP-65,AL-65,AN-65,BQ-70,AN-76
AQ-65,AL-65,AN-65,BQ-70,AN-76
AR-65,AL-65,AN-65,BQ-70,AN-76
AS-65,AX-64,AW-64,BQ-70,AN-76
AT-65,AX-64,AW-64,BQ-70,AT-77
AU-65,AX-64,AW-64,BQ-70,AT-77
AV-65,AX-64,AW-64,BQ-70,AT-77
AW-65,AX-64,AX-66,BQ-70,AT-77
AY-65,AZ-66,AX-66,BQ-70,AT-77
AZ-65,AZ-66,AY-66,BQ-70,AT-77
BA-65,AZ-66,AY-66,BQ-70,AT-77
BB-65,BA-64,AY-66,BQ-70,AT-77
BC-65,BB-64,AY-66,BQ-70,BD-79
BD-65,BE-63,AY-66,BQ-70,BD-79
BE-65,BF-64,AY-66,BQ-70,BD-79
BF-65,BF-64,BM-64,BQ-70,BD-79
BG-65,BF-64,BM-64,BQ-70,BD-79
BH-65,BI-66,BM-64,BQ-70,BD-79
BI-65,BI-66,BM-64,BQ-70,BD-79
BJ-65,BI-66,BM-64,BQ-70,BD-79
BK-65,BJ-67,BM-64,BQ-70,BL-80
BL-65,BJ-67,BM-64,BQ-70,BL-80
BM-65,BJ-67,BN-65,BQ-70,BL-80
BO-65,BS-67,BN-65,BQ-70,BL-80
BP-65,BS-67,BQ-65,BQ-70,BL-80
BR-65,BS-67,BR-66,BQ-70,BL-80
BS-65,BS-67,BR-66,BQ-70,BL-80
BT-65,BS-67,BU-65,BQ-70,BL-80
BV-65,BV-62,BU-65,BQ-70,BL-80
BX-65,BV-62,BW-65,BQ-70,BL-80
BY-65,BZ-68,BZ-66,BQ-70,BL-80
CA-65,CD-66,BZ-66,BQ-70,BL-80
CB-65,CD-66,CA-66,BQ-70,BL-80
CC-65,CD-66,CA-66,BQ-70,BL-80
CD-65,CD-66,CA-66,BQ-70,BL-80
CE-65,CD-66,CA-66,BQ-70,BL-80
CF-65,CE-66,CA-66,BQ-70,BL-80
CG-65,CG-66,CA-66,BQ-70,BL-80
CH-65,CH-66,CA-66,BQ-70,BL-80
G-64,K-70,H-69,L-66,AE-75
H-64,K-70,M-63,L-66,AE-75
I-64,K-70,M-63,L-66,AE-75
J-64,P-62,M-63,L-66,AE-75
K-64,P-62,M-63,L-66,AE-75
L-64,P-62,M-63,L-66,AE-75
M-64,P-62,M-63,L-66,AE-75
N-64,P-62,O-64,L-66,AE-75
P-64,Q-63,P-65,L-66,AE-75
Q-64,R-64,P-65,L-66,AE-75
S-64,R-64,R-65,L-66,AE-75
T-64,S-63,R-65,L-66,AE-75
U-64,T-63,R-65,L-66,AE-75
V-64,U-62,X-61,L-66,AE-75
W-64,U-62,Y-61,L-66,AE-75
X-64,V-62,Y-61,L-66,AE-75
Y-64,V-62,Y-61,L-66,AE-75
Z-64,V-62,Y-61,L-66,AE-75
AA-64,V-62,Y-61,L-66,AE-75
AB-64,AG-65,AD-67,L-66,AE-75
AC-64,AG-65,AE-66,L-66,AE-75
AD-64,AG-65,AE-66,L-66,AE-75
AE-64,AG-65,AE-66,L-66,AE-75
AF-64,AH-64,AE-66,L-66,AE-75
AG-64,AG-65,AE-66,L-66,AE-75
AN-64,AL-64,AN-65,L-66,AK-75
AO-64,AL-65,AN-65,BQ-70,AK-75
AP-64,AL-64,AN-65,BQ-70,AN-76
AQ-64,AL-65,AN-65,BQ-70,AN-76
AR-64,AW-61,AN-65,BQ-70,AN-76
AS-64,AX-64,AW-64,BQ-70,AN-76
AT-64,AX-64,AW-64,BQ-70,AN-76
AU-64,AX-64,AW-64,BQ-70,AT-77
AV-64,AX-64,AW-64,BQ-70,AT-77
AY-64,AX-64,AX-65,BQ-70,AT-77
BC-64,BB-64,AY-66,BQ-70,BD-79
BD-64,BC-63,AY-66,BQ-70,BD-79
BE-64,BF-64,AY-66,BQ-70,BD-79
BG-64,BF-64,BM-64,BQ-70,BD-79
BH-64,BG-63,BM-63,BQ-70,BD-79
BI-64,BH-63,BM-64,BQ-70,BD-79
BJ-64,BH-63,BM-63,BQ-70,BD-79
BK-64,BJ-67,BM-64,BQ-70,BL-80
BL-64,BJ-67,BM-64,BQ-70,BL-80
BQ-64,BS-67,BQ-65,BQ-70,BL-80
BR-64,BS-67,BP-64,BQ-70,BL-80
BS-64,BS-67,BR-66,BQ-70,BL-80
BT-64,BV-62,BU-65,BQ-70,BL-80
BU-64,BV-62,BU-65,BQ-70,BL-80
BV-64,BV-62,BU-65,BQ-70,BL-80
BW-64,BV-62,BW-65,BQ-70,BL-80
BX-64,BW-61,BZ-64,BQ-70,BL-80
BY-64,BW-61,BZ-65,BQ-70,BL-80
CA-64,CD-66,BZ-65,BQ-70,BL-80
CB-64,CC-61,CA-62,BQ-70,BL-80
CC-64,CD-66,CA-66,BQ-70,BL-80
CD-64,CD-66,CA-62,BQ-70,BL-80
CE-64,CD-66,CA-66,BQ-70,BL-80
CF-64,CH-66,CA-62,BQ-70,BL-80
CG-64,CH-66,CA-66,BQ-70,BL-80
CH-64,CI-64,CA-62,BQ-70,BL-80
G-63,K-70,M-63,L-66,AE-75
H-63,P-62,M-62,L-66,AE-75
I-63,P-62,M-63,L-66,AE-75
J-63,P-62,M-62,L-66,AE-75
K-63,P-62,M-63,L-66,AE-75
L-63,P-62,M-63,L-66,AE-75
N-63,P-62,M-63,L-66,AE-75
O-63,P-62,O-64,L-66,AE-75
P-63,Q-63,O-64,L-66,AE-75
U-63,T-63,R-65,L-66,AE-75
V-63,U-62,X-61,L-66,AE-75
W-63,V-62,Y-61,L-66,AE-75
X-63,V-62,Y-61,L-66,AE-75
Y-63,V-62,Y-61,L-66,AE-75
Z-63,V-62,Y-61,L-66,AE-75
AA-63,V-62,Y-61,L-66,AE-75
AB-63,AG-65,Y-61,L-66,AE-75
AC-63,AG-65,AE-66,L-66,AE-75
AD-63,AG-65,AE-66,L-66,AE-75
AE-63,AH-64,AE-66,L-66,AE-75
AG-63,AH-64,AE-66,L-66,AE-75
AH-63,AH-64,AE-66,L-66,AK-75
AM-63,AL-64,AM-64,L-66,AK-75
AN-63,AL-63,AM-64,L-66,AK-75
AO-63,AL-64,AN-65,L-66,AK-75
AP-63,AL-63,AN-65,BQ-70,AN-76
AQ-63,AL-64,AN-65,BQ-70,AN-76
AR-63,AW-61,AN-65,BQ-70,AN-76
AS-63,AW-61,AW-64,BQ-70,AN-76
AT-63,AW-61,AW-64,BQ-70,AN-76
AU-63,AX-64,AW-64,BQ-70,AT-77
AV-63,AX-63,AW-64,BQ-70,AT-77
AW-63,AX-64,AW-64,BQ-70,AT-77
BI-63,BH-63,BM-63,BQ-70,BD-79
BJ-63,BH-63,BM-62,BQ-70,BD-79
BK-63,BH-63,BM-63,BQ-70,BL-80
BL-63,BH-63,BM-63,BQ-70,BL-80
BP-63,BU-60,BP-64,BQ-70,BL-80
BQ-63,BS-67,BP-64,BQ-70,BL-80
BR-63,BV-62,BP-64,BQ-70,BL-80
BS-63,BV-62,BU-65,BQ-70,BL-80
BT-63,BV-62,BU-65,BQ-70,BL-80
BU-63,BV-62,BU-65,BQ-70,BL-80
BV-63,BV-62,BU-65,BQ-70,BL-80
BW-63,BV-62,BW-65,BQ-70,BL-80
BX-63,BW-61,BZ-64,BQ-70,BL-80
BY-63,BW-61,BZ-64,BQ-70,BL-80
BZ-63,CB-61,BZ-64,BQ-70,BL-80
CA-63,CC-61,BZ-64,BQ-70,BL-80
CB-63,CC-61,CA-62,BQ-70,BL-80
CC-63,CC-61,CA-62,BQ-70,BL-80
CD-63,CC-61,CA-62,BQ-70,BL-80
CF-63,CI-63,CA-62,BQ-70,BL-80
CG-63,CI-63,CA-62,BQ-70,BL-80
CH-63,CI-63,CA-62,BQ-70,BL-80
G-62,P-62,M-62,L-66,AE-75
K-62,P-62,M-62,L-66,AE-75
L-62,P-62,M-62,L-66,AE-75
N-62,P-62,M-62,L-66,AE-75
O-62,P-62,M-62,L-66,AE-75
W-62,V-62,X-61,L-66,AE-75
X-62,V-62,Y-61,L-66,AE-75
Y-62,V-62,Y-61,L-66,AE-75
Z-62,X-59,Y-61,L-66,AE-75
AA-62,X-59,Y-61,L-66,AE-75
AB-62,X-59,Y-61,L-66,AE-75
AC-62,AG-65,Z-60,L-66,AE-75
AD-62,AH-64,Z-60,L-66,AE-75
AE-62,AH-64,AE-66,L-66,AE-75
AG-62,AI-62,AE-66,L-66,AE-75
AH-62,AI-62,AM-64,L-66,AK-75
AM-62,AL-63,AM-64,L-66,AK-75
AN-62,AL-62,AM-64,L-66,AK-75
AO-62,AL-63,AN-65,L-66,AK-75
AP-62,AL-62,AN-65,BQ-70,AK-75
AQ-62,AL-63,AN-65,BQ-70,AN-76
AR-62,AW-61,AN-65,BQ-70,AN-76
AS-62,AW-61,AW-64,BQ-70,AN-76
AT-62,AW-61,AW-64,BQ-70,AN-76
AU-62,AW-61,AW-64,BQ-70,AT-77
AV-62,AW-61,AW-64,BQ-70,AT-77
AW-62,AX-63,AW-64,BQ-70,AT-77
BH-62,BH-63,BM-62,BQ-70,BD-79
BI-62,BH-63,BM-62,BQ-70,BD-79
BJ-62,BH-63,BM-62,BQ-70,BD-79
BK-62,BH-63,BM-62,BQ-70,BD-79
BL-62,BH-63,BM-62,BQ-70,BL-80
BN-62,BH-63,BN-63,BQ-70,BL-80
BO-62,BU-60,BN-63,BQ-70,BL-80
BP-62,BU-60,BO-63,BQ-70,BL-80
BQ-62,BU-60,BP-64,BQ-70,BL-80
BR-62,BU-60,BP-64,BQ-70,BL-80
BS-62,BU-60,BP-64,BQ-70,BL-80
BT-62,BU-60,BV-60,BQ-70,BL-80
BU-62,BV-62,BV-60,BQ-70,BL-80
BW-62,BV-62,BZ-62,BQ-70,BL-80
BX-62,BW-61,BZ-62,BQ-70,BL-80
BY-62,BW-61,BZ-62,BQ-70,BL-80
CB-62,CC-61,CA-62,BQ-70,BQ-41
CC-62,CC-61,CA-62,BQ-70,BL-80
CD-62,CC-61,CA-62,BQ-70,BQ-41
CE-62,CD-61,CA-62,BQ-70,BL-80
CF-62,CD-61,CA-62,BQ-70,BQ-41
CG-62,CI-63,CA-62,BQ-70,BQ-41
CH-62,CI-61,CA-62,BQ-70,BQ-41
CI-62,CI-63,CA-62,BQ-70,BQ-41
CJ-62,CJ-63,CA-62,BQ-70,BQ-41
O-61,P-62,M-62,L-66,AE-75
P-61,P-62,M-62,L-66,AE-75
W-61,V-62,X-61,L-66,AE-75
Z-61,X-59,Y-61,L-66,AE-75
AA-61,X-59,Y-61,L-66,AE-75
AB-61,X-59,Z-60,L-66,AE-75
AC-61,X-59,Z-60,L-66,AE-75
AD-61,AH-64,Z-60,L-66,AE-75
AE-61,AI-62,Z-60,L-66,AE-75
AF-61,AI-62,Z-60,L-66,AE-75
AH-61,AI-62,AM-64,L-66,AK-75
AI-61,AI-62,AM-64,L-66,AK-75
AJ-61,AJ-62,AM-64,L-66,AK-75
AM-61,AL-62,AM-64,L-66,AK-75
AN-61,AL-61,AM-64,L-66,AK-75
AO-61,AL-61,AM-64,L-66,AK-75
AP-61,AL-61,AN-65,BQ-70,AK-75
AQ-61,AL-61,AN-65,BQ-70,AN-76
AR-61,AW-61,AN-65,BQ-70,AN-76
AS-61,AW-61,AW-64,BQ-70,AN-76
AT-61,AW-61,AW-64,BQ-70,AN-76
AU-61,AW-61,AW-64,BQ-70,AT-77
AV-61,AW-61,AW-64,BQ-70,AT-77
BI-61,BH-61,BM-62,BQ-70,BD-79
BJ-61,BH-61,BM-62,BQ-70,BD-79
BK-61,BH-61,BM-62,BQ-70,BD-79
BL-61,BH-61,BM-62,BQ-70,BL-80
BM-61,BH-61,BM-62,BQ-70,BL-80
BN-61,BH-61,BM-62,BQ-70,BL-80
BO-61,BU-60,BN-63,BQ-70,BL-80
BP-61,BU-60,BO-63,BQ-70,BL-80
BQ-61,BU-60,BP-64,BQ-70,BL-80
BR-61,BU-60,BP-64,BQ-70,BQ-41
BS-61,BU-60,BV-60,BQ-70,BL-80
BT-61,BU-60,BV-60,BQ-70,BQ-41
BU-61,BV-62,BV-60,BQ-70,BL-80
BX-61,BW-61,BW-59,BQ-70,BQ-41
BY-61,BW-61,BZ-62,BQ-70,BQ-41
BZ-61,CB-61,BZ-62,BQ-70,BQ-41
CA-61,CB-61,BZ-62,BQ-70,BQ-41
CE-61,CD-61,CA-62,BQ-70,BQ-41
CG-61,CH-60,CA-62,BQ-70,BQ-41
Q-60,Q-61,M-62,L-66,AE-75
R-60,R-61,M-62,L-66,AE-75
X-60,W-59,X-61,L-66,AE-75
AA-60,X-59,Z-60,L-66,AE-75
AB-60,X-59,Z-60,L-66,AE-75
AC-60,X-59,Z-60,L-66,AE-75
AD-60,AI-62,Z-60,L-66,AE-75
AE-60,AI-62,Z-60,L-66,AE-75
AF-60,AI-62,Z-60,L-66,AE-75
AG-60,AI-62,Z-60,L-66,AE-75
AH-60,AK-59,AH-54,L-66,AK-75
AI-60,AJ-62,AM-64,L-66,AK-75
AJ-60,AK-60,AM-64,L-66,AK-75
AM-60,AL-61,AM-64,L-66,AK-75
AN-60,AM-58,AM-64,L-66,AK-75
AO-60,AM-58,AM-64,L-66,AK-75
AP-60,AM-58,AM-64,BQ-70,AK-75
AQ-60,AM-58,AN-65,BQ-70,AN-76
AR-60,AW-59,AN-65,BQ-70,AN-76
AS-60,AW-60,AW-64,BQ-70,AN-76
AT-60,AW-59,AW-64,BQ-70,AN-76
AU-60,AW-60,AW-64,BQ-70,AT-77
BH-60,BH-61,BK-57,BQ-70,BD-79
BI-60,BH-61,BK-57,BQ-70,BD-79
BJ-60,BH-61,BK-57,BQ-70,BQ-41
BK-60,BH-61,BM-62,BQ-70,BD-79
BL-60,BH-61,BM-62,BQ-70,BQ-41
BM-60,BH-61,BM-62,BQ-70,BQ-41
BN-60,BH-61,BM-62,BQ-70,BQ-41
BO-60,BU-60,BM-62,BQ-70,BQ-41
BP-60,BU-59,BN-63,BQ-70,BQ-41
BQ-60,BU-60,BO-63,BQ-70,BQ-41
BR-60,BU-59,BV-60,BQ-70,BQ-41
BS-60,BU-60,BV-60,BQ-70,BQ-41
BT-60,BU-60,BV-60,BQ-70,BQ-41
BW-60,BV-61,BV-60,BQ-70,BQ-41
BX-60,BW-61,BW-59,BQ-70,BQ-41
BY-60,BW-61,BZ-59,BQ-70,BQ-41
BZ-60,CB-61,BZ-59,BQ-70,BQ-41
CA-60,CB-61,BZ-59,BQ-70,BQ-41
S-59,S-60,X-61,L-66,AE-75
T-59,T-60,X-61,L-66,AE-75
AA-59,X-59,Z-60,L-66,AE-75
AB-59,X-59,Z-60,L-66,AE-75
AC-59,X-59,Z-60,L-66,AE-75
AD-59,X-59,Z-60,L-66,AE-75
AE-59,AJ-58,Z-60,L-66,AE-75
AF-59,AJ-58,Z-60,L-66,AE-75
AG-59,AJ-58,AH-54,L-66,AE-75
AH-59,AJ-58,AH-54,L-66,AK-75
AI-59,AJ-58,AH-54,L-66,AK-75
AJ-59,AK-59,AM-54,L-66,AK-75
AM-59,AL-59,AM-64,L-66,AK-75
AN-59,AM-58,AM-54,L-66,AK-75
AO-59,AM-58,AM-64,L-66,AK-75
AP-59,AM-58,AM-54,BQ-70,AK-75
AQ-59,AM-58,AM-64,BQ-70,AN-76
AR-59,AW-59,AN-54,BQ-70,AN-76
AS-59,AW-59,AW-64,BQ-70,AN-76
AT-59,AW-59,AW-64,BQ-70,AN-76
AU-59,AW-59,AW-64,BQ-70,AN-76
AV-59,AW-59,AY-54,BQ-70,AT-77
BF-59,BF-60,BK-57,BQ-70,BQ-41
BG-59,BF-60,BK-57,BQ-70,BD-79
BH-59,BG-60,BK-57,BQ-70,BQ-41
BI-59,BH-61,BK-57,BQ-70,BQ-41
BJ-59,BH-61,BK-57,BQ-70,BQ-41
BK-59,BH-61,BK-57,BQ-70,BQ-41
BL-59,BH-61,BK-57,BQ-70,BQ-41
BM-59,BH-61,BK-57,BQ-70,BQ-41
BN-59,BH-61,BK-57,BQ-70,BQ-41
BO-59,BU-59,BM-62,BQ-70,BQ-41
BP-59,BU-58,BM-62,BQ-70,BQ-41
BQ-59,BU-59,BV-60,BQ-70,BQ-41
BR-59,BU-58,BV-60,BQ-70,BQ-41
BS-59,BU-59,BV-60,BQ-70,BQ-41
BT-59,BU-59,BV-60,BQ-70,BQ-41
BV-59,BU-59,BV-60,BQ-70,BQ-41
BX-59,BW-61,BW-59,BQ-70,BQ-41
BY-59,BW-61,BZ-59,BQ-70,BQ-41
AA-58,X-59,Z-60,L-66,AE-75
AB-58,X-58,Z-60,L-66,AE-75
AC-58,X-59,Z-60,L-66,AE-75
AD-58,X-58,Z-60,L-66,AE-75
AE-58,AJ-58,Z-60,L-66,AE-75
AF-58,AJ-58,AH-54,L-66,AE-75
AG-58,AJ-58,AH-54,L-66,AE-75
AH-58,AJ-58,AH-54,L-66,AK-75
AI-58,AJ-58,AH-54,L-66,AK-75
AN-58,AM-58,AM-54,L-66,AK-75
AO-58,AM-58,AM-54,L-66,AK-75
AP-58,AM-58,AN-54,BQ-70,AK-75
AQ-58,AM-58,AN-54,BQ-70,AN-76
AR-58,AM-58,AN-54,BQ-70,AN-76
AS-58,AW-59,AN-54,BQ-70,AN-76
AT-58,AW-59,AY-54,BQ-70,AN-76
AU-58,AW-59,AY-54,BQ-70,AN-76
AV-58,AW-59,AY-54,BQ-70,AT-77
AW-58,AW-59,AY-54,BQ-70,AT-77
AX-58,AX-59,AY-54,BQ-70,AT-77
AY-58,AX-59,AY-54,BQ-70,AT-77
AZ-58,AZ-59,AY-54,BQ-70,AT-77
BD-58,BD-59,BA-53,BQ-70,BQ-41
BE-58,BD-59,BK-57,BQ-70,BQ-41
BF-58,BE-59,BK-57,BQ-70,BQ-41
BG-58,BF-60,BK-57,BQ-70,BQ-41
BH-58,BG-60,BK-57,BQ-70,BQ-41
BI-58,BH-61,BK-57,BQ-70,BQ-41
BJ-58,BH-61,BK-57,BQ-70,BQ-41
BK-58,BH-61,BK-57,BQ-70,BQ-41
BL-58,BH-61,BK-57,BQ-70,BQ-41
BM-58,BH-61,BK-57,BQ-70,BQ-41
BN-58,BU-58,BK-57,BQ-70,BQ-41
BO-58,BU-58,BK-57,BQ-70,BQ-41
BP-58,BU-58,BP-54,BQ-70,BQ-41
BQ-58,BU-58,BS-54,BQ-70,BQ-41
BR-58,BU-58,BS-54,BQ-70,BQ-41
BS-58,BU-58,BV-60,BQ-70,BQ-41
BT-58,BU-58,BV-60,BS-45,BQ-41
BV-58,BU-58,BW-59,BS-45,BQ-41
BW-58,BU-58,BW-59,BQ-70,BQ-41
BX-58,BU-58,BW-59,BS-45,BQ-41
BY-58,CB-57,BZ-59,BQ-70,BQ-41
BZ-58,CB-57,BZ-59,BS-45,BQ-41
CA-58,CB-57,BZ-59,BS-45,BQ-41
CB-58,CB-57,BZ-59,BS-45,BQ-41
W-57,W-58,Y-60,L-66,AE-75
X-57,X-58,Z-60,L-66,AE-75
AC-57,X-58,Z-60,L-66,AE-75
AD-57,AJ-57,AH-54,L-66,AE-75
AE-57,AJ-57,AH-54,L-66,AE-75
AF-57,AJ-57,AH-54,L-66,AE-75
AG-57,AJ-57,AH-54,L-66,AE-75
AH-57,AJ-57,AH-54,L-66,AK-75
AI-57,AJ-58,AH-54,L-66,AK-75
AN-57,AM-57,AM-54,L-66,AK-75
AO-57,AM-57,AM-54,L-66,AK-75
AP-57,AM-57,AN-54,BQ-70,AK-75
AQ-57,AM-57,AN-54,BQ-70,AK-75
AR-57,AM-57,AN-54,BQ-70,AN-76
AS-57,AW-59,AN-54,BQ-70,AN-76
AT-57,AW-59,AY-54,BQ-70,AN-76
AU-57,AW-59,AY-54,BQ-70,AN-76
AV-57,AX-59,AY-54,BQ-70,AT-77
AW-57,AX-59,AY-54,BQ-70,AT-77
AX-57,AX-59,AY-54,BQ-70,AT-77
AY-57,AX-59,AY-54,BQ-70,AT-77
AZ-57,BA-58,AY-54,BQ-70,AT-77
BA-57,BA-58,AY-54,BQ-70,AT-77
BC-57,BD-59,BA-53,BQ-70,BQ-41
BD-57,BD-59,BA-53,BS-45,BQ-41
BE-57,BD-59,BK-57,BQ-70,BQ-41
BF-57,BD-59,BK-57,BS-45,BQ-41
BG-57,BE-59,BK-57,BQ-70,BQ-41
BH-57,BF-60,BK-57,BS-45,BQ-41
BI-57,BG-60,BK-57,BQ-70,BQ-41
BJ-57,BH-61,BK-57,BS-45,BQ-41
BL-57,BH-61,BK-57,BS-45,BQ-41
BM-57,BH-61,BK-57,BS-45,BQ-41
BN-57,BU-58,BK-57,BS-45,BQ-41
BO-57,BU-58,BK-57,BS-45,BQ-41
BP-57,BU-58,BP-54,BS-45,BQ-41
BQ-57,BU-58,BS-54,BS-45,BQ-41
BR-57,BU-58,BS-54,BS-45,BQ-41
BS-57,BU-58,BS-54,BS-45,BQ-41
BT-57,BU-58,BS-54,BS-45,BQ-41
BW-57,BU-58,BW-59,BS-45,BQ-41
BX-57,BU-58,BX-55,BS-45,BQ-41
BY-57,CB-57,BZ-59,BS-45,BQ-41
BZ-57,CB-57,BZ-59,BS-45,BQ-41
CA-57,CB-57,BZ-59,BS-45,BQ-41
CP-57,CO-56,BZ-59,BS-45,BQ-41
AE-56,AJ-57,AH-54,L-66,AE-75
AF-56,AJ-57,AH-54,L-66,AE-75
AG-56,AJ-57,AH-54,L-66,AE-75
AH-56,AJ-57,AH-54,L-66,AK-75
AI-56,AJ-57,AH-54,L-66,AK-75
AJ-56,AJ-57,AH-54,L-66,AK-75
AK-56,AJ-57,AM-54,L-66,AK-75
AL-56,AL-57,AM-54,L-66,AK-75
AM-56,AL-57,AM-54,L-66,AK-75
AN-56,AM-57,AM-54,L-66,AK-75
AO-56,AM-57,AN-54,L-66,AK-75
AP-56,AM-57,AN-54,BS-45,AK-75
AQ-56,AM-57,AN-54,BQ-70,AK-75
AR-56,AM-57,AN-54,BS-45,AN-76
AS-56,AW-59,AN-54,BQ-70,AN-76
AT-56,AW-59,AV-52,BS-45,AN-76
AU-56,AW-59,AY-54,BS-45,AN-76
AV-56,AX-59,AY-54,BS-45,AT-77
AW-56,AX-59,AY-54,BS-45,AT-77
AX-56,AX-59,AY-54,BS-45,AT-77
AY-56,BA-58,AY-54,BS-45,AT-77
AZ-56,BA-58,AY-54,BS-45,BQ-41
BA-56,BA-58,AY-54,BS-45,BQ-41
BB-56,BA-58,BA-53,BS-45,BQ-41
BC-56,BD-59,BA-53,BS-45,BQ-41
BD-56,BD-59,BA-53,BS-45,BQ-41
BE-56,BD-59,BA-53,BS-45,BQ-41
BF-56,BD-59,BK-57,BS-45,BQ-41
BG-56,BE-59,BK-57,BS-45,BQ-41
BH-56,BE-59,BK-57,BS-45,BQ-41
BI-56,BG-60,BK-57,BS-45,BQ-41
BJ-56,BG-60,BK-57,BS-45,BQ-41
BK-56,BH-61,BK-57,BS-45,BQ-41
BL-56,BH-61,BK-57,BS-45,BQ-41
BM-56,BH-61,BK-57,BS-45,BQ-41
BN-56,BU-58,BP-54,BS-45,BQ-41
BO-56,BU-58,BP-54,BS-45,BQ-41
BP-56,BU-58,BP-54,BS-45,BQ-41
BQ-56,BU-58,BP-54,BS-45,BQ-41
BR-56,BU-58,BS-54,BS-45,BQ-41
BX-56,CB-56,BX-55,BS-45,BQ-41
BY-56,CB-56,BX-55,BS-45,BQ-41
BZ-56,CB-56,BX-55,BS-45,BQ-41
CA-56,CB-57,BZ-59,BS-45,BQ-41
AG-55,AJ-57,AH-54,L-66,AE-75
AH-55,AJ-57,AH-54,L-66,AK-75
AI-55,AJ-57,AH-54,L-66,AK-75
AJ-55,AJ-57,AH-54,L-66,AK-75
AK-55,AL-57,AM-54,L-66,AK-75
AL-55,AL-57,AM-54,L-66,AK-75
AM-55,AL-57,AM-54,L-66,AK-75
AN-55,AM-57,AM-54,L-66,AK-75
AO-55,AM-57,AN-54,L-66,AK-75
AP-55,AM-57,AN-54,BS-45,AK-75
AQ-55,AM-57,AN-54,BS-45,AK-75
AR-55,AM-57,AN-54,BS-45,AN-76
AS-55,AW-59,AQ-51,BS-45,AN-76
AT-55,AW-59,AV-52,BS-45,AN-76
AU-55,AX-59,AY-54,BS-45,AN-76
AV-55,AX-59,AY-54,BS-45,AN-76
AW-55,AX-59,AY-54,BS-45,AT-77
AX-55,AX-59,AY-54,BS-45,BQ-41
AY-55,BA-58,AY-54,BS-45,BQ-41
AZ-55,BA-58,AY-54,BS-45,BQ-41
BA-55,BA-58,AZ-54,BS-45,BQ-41
BB-55,BA-58,BA-53,BS-45,BQ-41
BC-55,BA-58,BA-53,BS-45,BQ-41
BD-55,BD-59,BA-53,BS-45,BQ-41
BE-55,BD-59,BA-53,BS-45,BQ-41
BF-55,BD-59,BH-51,BS-45,BQ-41
BG-55,BD-59,BK-57,BS-45,BQ-41
BH-55,BE-59,BK-57,BS-45,BQ-41
BI-55,BF-60,BK-57,BS-45,BQ-41
BJ-55,BG-60,BK-57,BS-45,BQ-41
BK-55,BH-61,BK-57,BS-45,BQ-41
BL-55,BH-61,BK-57,BS-45,BQ-41
BM-55,BH-61,BK-57,BS-45,BQ-41
BN-55,BU-58,BP-54,BS-45,BQ-41
BO-55,BU-58,BP-54,BS-45,BQ-41
BP-55,BU-58,BP-54,BS-45,BQ-41
BQ-55,BU-58,BP-54,BS-45,BQ-41
BR-55,BU-58,BS-54,BS-45,BQ-41
BY-55,CB-56,BX-55,BS-45,BQ-41
BZ-55,CB-56,BX-55,BS-45,BQ-41
AI-54,AJ-53,AH-54,L-66,AK-75
AJ-54,AJ-53,AH-54,L-66,AK-75
AK-54,AL-53,AM-54,L-66,AK-75
AL-54,AL-53,AM-54,L-66,AK-75
AO-54,AL-53,AN-54,BS-45,AK-75
AP-54,AL-53,AN-54,BS-45,AK-75
AQ-54,AM-51,AN-54,BS-45,AK-75
AR-54,AM-51,AQ-51,BS-45,AN-76
AS-54,AW-59,AQ-51,BS-45,AN-76
AT-54,AX-59,AV-52,BS-45,AN-76
AU-54,AX-59,AV-52,BS-45,AN-76
AV-54,AX-59,AV-52,BS-45,BQ-41
AW-54,AX-59,AY-54,BS-45,BQ-41
AX-54,AX-59,AY-54,BS-45,BQ-41
BA-54,BA-58,AZ-54,BS-45,BQ-41
BB-54,BA-58,BA-53,BS-45,BQ-41
BC-54,BA-58,BA-53,BS-45,BQ-41
BD-54,BD-59,BA-53,BS-45,BQ-41
BE-54,BD-59,BA-53,BS-45,BQ-41
BF-54,BD-59,BH-51,BS-45,BQ-41
BG-54,BD-59,BH-51,BS-45,BQ-41
BH-54,BD-59,BH-51,BS-45,BQ-41
BI-54,BE-59,BK-57,BS-45,BQ-41
BJ-54,BF-60,BH-51,BS-45,BQ-41
BK-54,BG-60,BK-57,BS-45,BQ-41
BL-54,BH-61,BP-54,BS-45,BQ-41
BM-54,BH-61,BP-54,BS-45,BQ-41
BN-54,BU-58,BP-54,BS-45,BQ-41
BO-54,BU-58,BP-54,BS-45,BQ-41
BQ-54,BU-58,BP-54,BS-45,BQ-41
BT-54,BU-58,BS-54,BS-45,BQ-41
BV-54,BU-58,BW-54,BS-45,BQ-41
BX-54,CB-56,BX-55,BS-45,BQ-41
BZ-54,CB-56,BY-52,BS-45,BQ-41
AI-53,AJ-53,AH-54,L-66,AK-75
AK-53,AJ-53,AM-54,L-66,AK-75
AM-53,AL-53,AM-54,L-66,AK-75
AN-53,AL-53,AN-54,L-66,AK-75
AO-53,AL-53,AN-54,BS-45,AK-75
AP-53,AM-51,AQ-51,BS-45,AK-75
AQ-53,AM-51,AQ-51,BS-45,AK-75
AR-53,AM-51,AQ-51,BS-45,AK-75
AS-53,AM-51,AQ-51,BS-45,AN-76
AT-53,AP-48,AV-52,BS-45,BQ-41
AU-53,AX-59,AV-52,BS-45,BQ-41
AV-53,AX-59,AV-52,BS-45,BQ-41
AW-53,AX-59,AV-52,BS-45,BQ-41
AX-53,BB-49,AY-54,BS-45,BQ-41
AY-53,BB-49,AY-54,BS-45,BQ-41
AZ-53,BB-49,AZ-54,BS-45,BQ-41
BB-53,BB-49,BA-53,BS-45,BQ-41
BC-53,BD-49,BA-53,BS-45,BQ-41
BD-53,BD-49,BA-53,BS-45,BQ-41
BE-53,BD-49,BA-53,BS-45,BQ-41
BF-53,BD-49,BH-51,BS-45,BQ-41
BG-53,BD-49,BH-51,BS-45,BQ-41
BH-53,BE-48,BH-51,BS-45,BQ-41
BI-53,BE-48,BH-51,BS-45,BQ-41
BJ-53,BF-48,BI-50,BS-45,BQ-41
BK-53,BF-48,BI-50,BS-45,BQ-41
BL-53,BF-48,BP-54,BS-45,BQ-41
BM-53,BF-48,BP-54,BS-45,BQ-41
BN-53,BU-58,BP-54,BS-45,BQ-41
BO-53,BU-58,BP-54,BS-45,BQ-41
BP-53,BU-58,BP-54,BS-45,BQ-41
BR-53,BU-58,BR-54,BS-45,BQ-41
BS-53,BU-58,BR-54,BS-45,BQ-41
BT-53,BU-58,BS-54,BS-45,BQ-41
BU-53,BU-58,BS-54,BS-45,BQ-41
BV-53,BX-48,BX-53,BS-45,BQ-41
BW-53,CB-56,BW-54,BS-45,BQ-41
BY-53,CB-56,BX-53,BS-45,BQ-41
BZ-53,CB-56,BY-52,BS-45,BQ-41
CA-53,CC-55,BY-52,BS-45,BQ-41
AM-52,AL-53,AN-54,L-66,AK-75
AN-52,AM-51,AN-54,BS-45,AK-75
AO-52,AM-51,AN-54,BS-45,AK-75
AP-52,AM-51,AQ-51,BS-45,AK-75
AQ-52,AM-51,AQ-51,BS-45,AK-75
AR-52,AO-48,AQ-51,BS-45,BQ-41
AS-52,AP-48,AQ-51,BS-45,BQ-41
AT-52,AQ-47,AV-52,BS-45,BQ-41
AU-52,AQ-47,AV-52,BS-45,BQ-41
AW-52,BB-49,AV-52,BS-45,BQ-41
AX-52,BB-49,AW-50,BS-45,BQ-41
AY-52,BB-49,AZ-54,BS-45,BQ-41
AZ-52,BB-49,BA-53,BS-45,BQ-41
BA-52,BB-49,BA-53,BS-45,BQ-41
BB-52,BB-49,BA-53,BS-45,BQ-41
BC-52,BD-49,BA-53,BS-45,BQ-41
BD-52,BD-49,BA-53,BS-45,BQ-41
BE-52,BD-49,BH-51,BS-45,BQ-41
BF-52,BD-49,BH-51,BS-45,BQ-41
BG-52,BD-49,BH-51,BS-45,BQ-41
BH-52,BE-48,BH-51,BS-45,BQ-41
BI-52,BF-48,BH-51,BS-45,BQ-41
BJ-52,BF-48,BI-50,BS-45,BQ-41
BK-52,BF-48,BI-50,BS-45,BQ-41
BL-52,BF-48,BI-50,BS-45,BQ-41
BM-52,BF-48,BP-54,BS-45,BQ-41
BN-52,BT-46,BP-54,BS-45,BQ-41
BO-52,BT-46,BP-54,BS-45,BQ-41
BP-52,BT-46,BQ-53,BS-45,BQ-41
BQ-52,BU-58,BQ-53,BS-45,BQ-41
BR-52,BV-47,BQ-53,BS-45,BQ-41
BS-52,BV-47,BR-54,BS-45,BQ-41
BT-52,BX-48,BR-54,BS-45,BQ-41
BU-52,BX-48,BS-54,BS-45,BQ-41
BV-52,BX-48,BX-53,BS-45,BQ-41
BW-52,BX-48,BX-53,BS-45,BQ-41
BX-52,BX-48,BX-53,BS-45,BQ-41
BZ-52,CC-49,BY-52,BS-45,BQ-41
CA-52,CD-51,BY-52,BS-45,BQ-41
CB-52,CD-51,BY-52,BS-45,BQ-41
AN-51,AM-51,AP-51,BS-45,AK-75
AO-51,AM-51,AP-51,BS-45,AK-75
AR-51,AP-48,AQ-51,BS-45,BQ-41
AS-51,AP-48,AQ-51,BS-45,BQ-41
AT-51,AQ-47,AV-52,BS-45,BQ-41
AU-51,AQ-47,AV-52,BS-45,BQ-41
AV-51,BB-49,AV-52,BS-45,BQ-41
AW-51,BB-49,AV-52,BS-45,BQ-41
AX-51,BB-49,AW-50,BS-45,BQ-41
AY-51,BB-49,AW-50,BS-45,BQ-41
AZ-51,BB-49,BA-53,BS-45,BQ-41
BA-51,BB-49,BA-53,BS-45,BQ-41
BB-51,BB-49,BA-53,BS-45,BQ-41
BC-51,BD-49,BA-53,BS-45,BQ-41
BD-51,BD-49,BH-51,BS-45,BQ-41
BE-51,BD-49,BH-51,BS-45,BQ-41
BF-51,BD-49,BH-51,BS-45,BQ-41
BG-51,BE-48,BH-51,BS-45,BQ-41
BI-51,BF-48,BH-51,BS-45,BQ-41
BJ-51,BF-48,BI-50,BS-45,BQ-41
BK-51,BF-48,BI-50,BS-45,BQ-41
BL-51,BF-48,BI-50,BS-45,BQ-41
BM-51,BF-48,BO-48,BS-45,BQ-41
BN-51,BT-46,BO-48,BS-45,BQ-41
BO-51,BT-46,BP-54,BS-45,BQ-41
BP-51,BT-46,BO-48,BS-45,BQ-41
BQ-51,BU-46,BQ-53,BS-45,BQ-41
BR-51,BU-46,BQ-53,BS-45,BQ-41
BS-51,BV-47,BR-54,BS-45,BQ-41
BT-51,BV-47,BR-54,BS-45,BQ-41
BU-51,BX-48,BX-53,BS-45,BQ-41
BV-51,BX-48,BX-53,BS-45,BQ-41
BW-51,BX-48,BX-53,BS-45,BQ-41
BX-51,BX-48,BY-52,BS-45,BQ-41
BY-51,BX-48,BY-52,BS-45,BQ-41
BZ-51,CC-49,BY-52,BS-45,BQ-41
CA-51,CC-49,BY-52,BS-45,BQ-41
CB-51,CD-51,BY-52,BS-45,BQ-41
CC-51,CD-51,BY-52,BS-45,BQ-41
AN-50,AO-48,AP-50,BS-45,AK-75
AO-50,AO-48,AP-51,BS-45,AK-75
AR-50,AP-48,AQ-50,BS-45,BQ-41
AS-50,AQ-47,AQ-50,BS-45,BQ-41
AT-50,AQ-47,AT-48,BS-45,BQ-41
AU-50,AQ-47,AW-50,BS-45,BQ-41
AV-50,AQ-47,AW-50,BS-45,BQ-41
AX-50,BB-49,AW-50,BS-45,BQ-41
AY-50,BB-49,AW-50,BS-45,BQ-41
AZ-50,BB-49,AW-50,BS-45,BQ-41
BA-50,BB-49,BA-53,BS-45,BQ-41
BB-50,BB-49,AZ-47,BS-45,BQ-41
BC-50,BD-49,BA-53,BS-45,BQ-41
BD-50,BD-49,BH-51,BS-45,BQ-41
BE-50,BD-49,BH-51,BS-45,BQ-41
BF-50,BE-48,BH-51,BS-45,BQ-41
BG-50,BE-48,BH-51,BS-45,BQ-41
BH-50,BF-48,BH-51,BS-45,BQ-41
BJ-50,BF-48,BI-50,BS-45,BQ-41
BK-50,BF-48,BI-50,BS-45,BQ-41
BL-50,BF-48,BI-50,BS-45,BQ-41
BM-50,BF-48,BO-48,BS-45,BQ-41
BN-50,BT-46,BO-48,BS-45,BQ-41
BO-50,BT-46,BO-48,BS-45,BQ-41
BP-50,BT-46,BO-48,BS-45,BQ-41
BQ-50,BT-46,BO-48,BS-45,BQ-41
BR-50,BU-46,BO-48,BS-45,BQ-41
BS-50,BV-47,BQ-53,BS-45,BQ-41
BT-50,BV-47,BQ-53,BS-45,BQ-41
BU-50,BV-47,BX-53,BS-45,BQ-41
BV-50,BX-48,BX-53,BS-45,BQ-41
BW-50,BX-48,BX-53,BS-45,BQ-41
BX-50,BX-48,BY-52,BS-45,BQ-41
BY-50,BX-48,BY-52,BS-45,BQ-41
BZ-50,BZ-48,BY-52,BS-45,BQ-41
CA-50,CC-49,BY-52,BS-45,BQ-41
CB-50,CC-49,BY-52,BS-45,BQ-41
CC-50,CD-51,BY-52,BS-45,BQ-41
AL-49,AO-48,AP-50,L-66,AK-75
AM-49,AM-51,AP-50,BS-45,AK-75
AN-49,AO-48,AP-50,BS-45,BQ-41
AO-49,AO-48,AP-50,BS-45,BQ-41
AP-49,AO-48,AP-50,BS-45,BQ-41
AQ-49,AP-48,AP-50,BS-45,BQ-41
AR-49,AQ-47,AQ-50,BS-45,BQ-41
AS-49,AQ-47,AT-48,BS-45,BQ-41
AT-49,AQ-47,AT-48,BS-45,BQ-41
AU-49,AQ-47,AT-48,BS-45,BQ-41
AV-49,AQ-47,AW-50,BS-45,BQ-41
AW-49,BB-49,AW-50,BS-45,BQ-41
AX-49,BB-49,AW-50,BS-45,BQ-41
AY-49,BB-49,AW-50,BS-45,BQ-41
AZ-49,BB-49,AZ-47,BS-45,BQ-41
BA-49,BB-49,AZ-47,BS-45,BQ-41
BC-49,BB-49,AZ-47,BS-45,BQ-41
BE-49,BD-49,BH-51,BS-45,BQ-41
BF-49,BE-48,BH-51,BS-45,BQ-41
BG-49,BF-48,BH-51,BS-45,BQ-41
BH-49,BF-48,BI-50,BS-45,BQ-41
BI-49,BF-48,BI-50,BS-45,BQ-41
BJ-49,BF-48,BI-50,BS-45,BQ-41
BK-49,BF-48,BI-50,BS-45,BQ-41
BL-49,BF-48,BO-48,BS-45,BQ-41
BM-49,BF-48,BO-48,BS-45,BQ-41
BN-49,BT-46,BO-48,BS-45,BQ-41
BO-49,BT-46,BO-48,BS-45,BQ-41
BP-49,BT-46,BO-48,BS-45,BQ-41
BQ-49,BT-46,BO-48,BS-45,BQ-41
BR-49,BT-46,BO-48,BS-45,BQ-41
BS-49,BU-46,BO-48,BS-45,BQ-41
BT-49,BV-47,BO-48,BS-45,BQ-41
BU-49,BV-47,BX-53,BS-45,BQ-41
BV-49,BV-47,BX-53,BS-45,BQ-41
BW-49,BX-48,BY-52,BS-45,BQ-41
BX-49,BX-48,BY-52,BS-45,BQ-41
BY-49,BX-48,BY-52,BS-45,BQ-41
BZ-49,BZ-48,BY-52,BS-45,BQ-41
CA-49,BZ-48,BY-52,BS-45,BQ-41
CB-49,CC-49,BY-52,BS-45,BQ-41
AM-48,AO-48,AP-50,BS-45,BQ-41
AQ-48,AP-48,AP-50,BS-45,BQ-41
AR-48,AQ-47,AT-48,BS-45,BQ-41
AS-48,AQ-47,AT-48,BS-45,BQ-41
AU-48,AQ-47,AT-48,BS-45,BQ-41
AV-48,AQ-47,AT-48,BS-45,BQ-41
AW-48,BB-48,AW-50,BS-45,BQ-41
AX-48,BB-48,AY-46,BS-45,BQ-41
AY-48,BB-48,AZ-47,BS-45,BQ-41
AZ-48,BB-48,AZ-47,BS-45,BQ-41
BA-48,BB-49,AZ-47,BS-45,BQ-41
BG-48,BF-48,BH-51,BS-45,BQ-41
BH-48,BF-48,BI-50,BS-45,BQ-41
BI-48,BF-48,BI-50,BS-45,BQ-41
BJ-48,BF-48,BI-50,BS-45,BQ-41
BK-48,BF-48,BI-50,BS-45,BQ-41
BL-48,BF-48,BO-48,BS-45,BQ-41
BM-48,BF-48,BO-48,BS-45,BQ-41
BN-48,BS-44,BO-48,BS-45,BQ-41
BP-48,BT-46,BO-48,BS-45,BQ-41
BQ-48,BT-46,BO-48,BS-45,BQ-41
BR-48,BT-46,BO-48,BS-45,BQ-41
BS-48,BU-46,BO-48,BS-45,BQ-41
BT-48,BU-46,BO-48,BS-45,BQ-41
BU-48,BV-47,BO-48,BS-45,BQ-41
BV-48,BV-47,BY-52,BS-45,BQ-41
BY-48,BX-48,BY-52,BS-45,BQ-41
CA-48,BZ-48,BY-52,BS-45,BQ-41
CB-48,CC-48,BY-52,BS-45,BQ-41
CH-48,CG-46,CG-42,BS-45,BQ-41
CI-48,CJ-49,CG-42,BS-45,BQ-41
AR-47,AQ-47,AT-48,BS-45,BQ-41
AS-47,AQ-47,AT-48,BS-45,BQ-41
AT-47,AQ-47,AT-48,BS-45,BQ-41
AU-47,AQ-47,AT-48,BS-45,BQ-41
AV-47,AQ-47,AT-48,BS-45,BQ-41
AW-47,BB-48,AY-46,BS-45,BQ-41
AX-47,BB-48,AY-46,BS-45,BQ-41
AY-47,BB-48,AZ-47,BS-45,BQ-41
BA-47,BB-48,AZ-47,BS-45,BQ-41
BB-47,BB-48,AZ-47,BS-45,BQ-41
BF-47,BF-48,BG-43,BS-45,BQ-41
BG-47,BF-48,BI-50,BS-45,BQ-41
BH-47,BF-48,BG-43,BS-45,BQ-41
BI-47,BF-48,BI-50,BS-45,BQ-41
BJ-47,BF-48,BL-45,BS-45,BQ-41
BK-47,BF-48,BL-45,BS-45,BQ-41
BL-47,BF-48,BL-45,BS-45,BQ-41
BM-47,BF-48,BO-48,BS-45,BQ-41
BN-47,BS-44,BO-48,BS-45,BQ-41
BO-47,BS-44,BO-48,BS-45,BQ-41
BP-47,BS-44,BO-48,BS-45,BQ-41
BQ-47,BT-46,BO-48,BS-45,BQ-41
BR-47,BT-46,BO-48,BS-45,BQ-41
BS-47,BT-46,BO-48,BS-45,BQ-41
BU-47,BV-47,BO-48,BS-45,BQ-41
CG-47,CF-48,CG-42,BS-45,BQ-41
CH-47,CG-46,CG-42,BS-45,BQ-41
CI-47,CJ-48,CG-42,BS-45,BQ-41
CJ-47,CJ-48,CG-42,BS-45,BQ-41
CK-47,CJ-48,CG-42,BS-45,BQ-41
CL-47,CL-48,CG-42,BS-45,BQ-41
AQ-46,AQ-47,AT-48,BS-45,BQ-41
AR-46,AQ-47,AT-48,BS-45,BQ-41
AS-46,AQ-47,AT-48,BS-45,BQ-41
AT-46,AQ-47,AT-48,BS-45,BQ-41
AU-46,AQ-47,AT-48,BS-45,BQ-41
AV-46,AQ-47,AU-43,BS-45,BQ-41
AW-46,BB-48,AY-46,BS-45,BQ-41
AX-46,BB-48,AY-46,BS-45,BQ-41
BA-46,BB-48,AZ-47,BS-45,BQ-41
BB-46,BB-48,AZ-46,BS-45,BQ-41
BC-46,BD-47,AZ-47,BS-45,BQ-41
BD-46,BD-47,AZ-46,BS-45,BQ-41
BF-46,BE-46,BG-43,BS-45,BQ-41
BG-46,BF-48,BG-43,BS-45,BQ-41
BH-46,BF-48,BG-43,BS-45,BQ-41
BI-46,BF-48,BL-45,BS-45,BQ-41
BJ-46,BF-48,BL-45,BS-45,BQ-41
BK-46,BF-48,BL-45,BS-45,BQ-41
BL-46,BF-48,BL-45,BS-45,BQ-41
BM-46,BS-44,BL-45,BS-45,BQ-41
BN-46,BS-44,BM-44,BS-45,BQ-41
BO-46,BS-44,BO-48,BS-45,BQ-41
BP-46,BS-44,BO-48,BS-45,BQ-41
BQ-46,BS-44,BO-48,BS-45,BQ-41
CH-46,CG-46,CG-42,BS-45,BQ-41
CI-46,CJ-48,CG-42,BS-45,BQ-41
CJ-46,CJ-48,CG-42,BS-45,BQ-41
CK-46,CM-46,CG-42,BS-45,BQ-41
CL-46,CM-46,CG-42,BS-45,BQ-41
AQ-45,AP-46,AR-43,BS-45,BQ-41
AR-45,AP-45,AR-43,BS-45,BQ-41
AS-45,AQ-47,AR-43,BS-45,BQ-41
AT-45,AP-45,AU-43,BS-45,BQ-41
AU-45,AQ-47,AU-43,BS-45,BQ-41
AV-45,AQ-47,AU-43,BS-45,BQ-41
AW-45,BB-48,AY-46,BS-45,BQ-41
AX-45,BB-48,AY-46,BS-45,BQ-41
AY-45,BB-48,AY-46,BS-45,BQ-41
AZ-45,BB-48,AZ-46,BS-45,BQ-41
BA-45,BB-48,AZ-46,BS-45,BQ-41
BB-45,BD-47,AZ-46,BS-45,BQ-41
BC-45,BD-47,AZ-46,BS-45,BQ-41
BD-45,BE-46,BG-43,BS-45,BQ-41
BE-45,BE-46,BG-43,BS-45,BQ-41
BF-45,BE-46,BG-43,BS-45,BQ-41
BG-45,BE-46,BG-43,BS-45,BQ-41
BH-45,BE-46,BG-43,BS-45,BQ-41
BI-45,BF-48,BL-45,BS-45,BQ-41
BJ-45,BE-46,BL-45,BS-45,BQ-41
BK-45,BF-48,BL-45,BS-45,BQ-41
BM-45,BS-44,BL-45,BS-45,BQ-41
BN-45,BS-44,BM-44,BS-45,BQ-41
BO-45,BS-44,BM-44,BS-45,BQ-41
BP-45,BS-44,BM-44,BS-45,BQ-41
BQ-45,BS-44,BO-48,BS-45,BQ-41
CG-45,CF-46,CG-42,BS-45,BQ-41
CH-45,CG-46,CG-42,BS-45,BQ-41
CI-45,CG-46,CG-42,BS-45,BQ-41
CJ-45,CM-45,CG-42,BS-45,BQ-41
CK-45,CM-45,CG-42,BS-45,BQ-41
CL-45,CM-45,CG-42,BS-45,BQ-41
AQ-44,AP-45,AR-43,BS-45,BQ-41
AR-44,AP-45,AR-43,BS-45,BQ-41
AS-44,AP-45,AR-43,BS-45,BQ-41
AT-44,AP-45,AU-43,BS-45,BQ-41
AU-44,AP-45,AU-43,BS-45,BQ-41
AV-44,AP-45,AU-43,BS-45,BQ-41
AW-44,BB-48,AU-43,BS-45,BQ-41
AX-44,BB-48,AY-46,BS-45,BQ-41
AY-44,BB-48,AZ-46,BS-45,BQ-41
AZ-44,BB-48,AZ-46,BS-45,BQ-41
BA-44,BB-48,AZ-46,BS-45,BQ-41
BB-44,BD-47,AZ-46,BS-45,BQ-41
BC-44,BE-46,AZ-46,BS-45,BQ-41
BD-44,BE-46,BG-43,BS-45,BQ-41
BE-44,BE-46,BG-43,BS-45,BQ-41
BF-44,BE-46,BG-43,BS-45,BQ-41
BG-44,BE-46,BG-43,BS-45,BQ-41
BH-44,BE-46,BG-43,BS-45,BQ-41
BI-44,BE-46,BG-43,BS-45,BQ-41
BJ-44,BE-46,BL-44,BS-45,BQ-41
BK-44,BF-48,BL-45,BS-45,BQ-41
BO-44,BS-44,BM-44,BS-45,BQ-41
BP-44,BS-44,BM-44,BS-45,BQ-41
BQ-44,BS-44,BM-44,BS-45,BQ-41
CG-44,CF-46,CG-42,BS-45,BQ-41
CH-44,CG-46,CG-42,BS-45,BQ-41
CI-44,CG-46,CG-42,BS-45,BQ-41
CJ-44,CM-44,CG-42,BS-45,BQ-41
CK-44,CM-44,CG-42,BS-45,BQ-41
CL-44,CM-44,CG-42,BS-45,BQ-41
AQ-43,AP-45,AR-43,BS-45,BQ-41
AS-43,AP-45,AR-43,BS-45,BQ-41
AV-43,AP-45,AU-43,BS-45,BQ-41
AW-43,BB-48,AU-43,BS-45,BQ-41
AX-43,BB-48,AU-43,BS-45,BQ-41
AY-43,BB-48,AZ-46,BS-45,BQ-41
AZ-43,BB-48,AZ-46,BS-45,BQ-41
BA-43,BD-47,AZ-46,BS-45,BQ-41
BB-43,BE-46,AZ-46,BS-45,BQ-41
BC-43,BE-46,BG-43,BS-45,BQ-41
BD-43,BE-46,BG-43,BS-45,BQ-41
BE-43,BE-46,BG-43,BS-45,BQ-41
BF-43,BE-46,BG-43,BS-45,BQ-41
BH-43,BE-46,BG-43,BS-45,BQ-41
BI-43,BE-46,BG-43,BS-45,BQ-41
BJ-43,BE-46,BK-41,BS-45,BQ-41
BL-43,BO-38,BL-44,BS-45,BQ-41
BM-43,BR-41,BL-44,BS-45,BQ-41
BN-43,BR-41,BM-44,BS-45,BQ-41
BO-43,BS-43,BM-44,BS-45,BQ-41
BP-43,BS-43,BM-44,BS-45,BQ-41
BQ-43,BS-43,BM-44,BS-45,BQ-41
BR-43,BS-43,BM-44,BS-45,BQ-41
CB-43,CA-43,CG-42,BS-45,BQ-41
CC-43,CA-43,CG-42,BS-45,BQ-41
CD-43,CA-43,CG-42,BS-45,BQ-41
CE-43,CE-45,CG-42,BS-45,BQ-41
CF-43,CE-45,CG-42,BS-45,BQ-41
CG-43,CF-46,CG-42,BS-45,BQ-41
CH-43,CF-46,CG-42,BS-45,BQ-41
CI-43,CG-46,CG-42,BS-45,BQ-41
CJ-43,CM-43,CG-42,BS-45,BQ-41
CK-43,CM-43,CG-42,BS-45,BQ-41
CL-43,CM-43,CG-42,BS-45,BQ-41
AT-42,AP-45,AT-43,BS-45,BQ-41
AU-42,AP-45,AT-43,BS-45,BQ-41
AV-42,AP-45,AU-43,BS-45,BQ-41
AW-42,AP-45,AU-43,BS-45,BQ-41
AX-42,BB-48,AU-43,BS-45,BQ-41
AY-42,BB-48,AZ-46,BS-45,BQ-41
AZ-42,BD-47,AZ-46,BS-45,BQ-41
BA-42,BD-47,AZ-46,BS-45,BQ-41
BB-42,BE-46,AZ-46,BS-45,BQ-41
BC-42,BE-46,BG-43,BS-45,BQ-41
BD-42,BE-46,BG-43,BS-45,BQ-41
BE-42,BE-46,BG-43,BS-45,BQ-41
BF-42,BE-46,BG-43,BS-45,BQ-41
BG-42,BE-46,BG-43,BS-45,BQ-41
BH-42,BE-46,BG-43,BS-45,BQ-41
BI-42,BE-46,BG-43,BS-45,BQ-41
BJ-42,BO-38,BK-41,BS-45,BQ-41
BK-42,BO-38,BL-42,BS-45,BQ-41
BM-42,BO-38,BL-42,BS-45,BQ-41
BN-42,BR-41,BL-42,BS-45,BQ-41
BO-42,BR-41,BM-44,BS-45,BQ-41
BQ-42,BS-42,BM-44,BS-45,BQ-41
BR-42,BS-42,BM-44,BS-45,BQ-41
BV-42,BV-43,BM-44,BS-45,BQ-41
BW-42,BV-43,CG-42,BS-45,BQ-41
BX-42,BX-43,CG-42,BS-45,BQ-41
CB-42,CA-42,CG-42,BS-45,BQ-41
CC-42,CA-42,CG-42,BS-45,BQ-41
CD-42,CA-41,CG-42,BS-45,BQ-41
CE-42,CE-45,CG-42,BS-45,BQ-41
CF-42,CE-45,CG-42,BS-45,BQ-41
CH-42,CF-46,CG-42,BS-45,BQ-41
CI-42,CM-42,CG-42,BS-45,BQ-41
CJ-42,CM-41,CG-42,BS-45,BQ-41
CK-42,CM-42,CG-42,BS-45,BQ-41
CL-42,CM-42,CG-42,BS-45,BQ-41
AS-41,AP-45,AR-42,BS-45,BQ-41
AT-41,AP-45,AS-42,BS-45,BQ-41
AU-41,AP-45,AT-43,BS-45,BQ-41
AV-41,AP-45,AU-43,BS-45,BQ-41
AW-41,AP-45,AU-43,BS-45,BQ-41
AX-41,BB-48,AU-43,BS-45,BQ-41
AY-41,BB-48,AU-43,BS-45,BQ-41
AZ-41,BD-47,AY-36,BS-45,BQ-41
BA-41,BE-46,AZ-46,BS-45,BQ-41
BB-41,BE-46,BD-37,BS-45,BQ-41
BC-41,BE-46,BG-43,BS-45,BQ-41
BD-41,BE-46,BG-43,BS-45,BQ-41
BE-41,BE-46,BG-43,BS-45,BQ-41
BF-41,BE-46,BG-43,BS-45,BQ-41
BG-41,BE-46,BG-43,BS-45,BQ-41
BH-41,BE-46,BK-40,BS-45,BQ-41
BI-41,BE-46,BK-41,BS-45,BQ-41
BJ-41,BO-38,BK-41,BS-45,BQ-41
BM-41,BO-38,BL-42,BS-45,BQ-41
BN-41,BO-38,BL-41,BS-45,BQ-41
BU-41,BU-42,BM-44,BS-45,BQ-41
BY-41,BY-42,CG-42,BS-45,BQ-41
BZ-41,BZ-42,CG-39,BS-45,BQ-41
CB-41,CA-41,CG-39,BS-45,BQ-41
CC-41,CA-41,CG-42,BS-45,BQ-41
CD-41,CA-41,CG-39,BS-45,BQ-41
CE-41,CA-41,CG-42,BS-45,BQ-41
CF-41,CA-41,CG-42,BS-45,BQ-41
CG-41,CE-45,CG-42,BS-45,BQ-41
CH-41,CM-41,CG-42,BS-45,BQ-41
CI-41,CM-41,CG-42,BS-45,BQ-41
CJ-41,CM-41,CG-39,BS-45,BQ-41
CK-41,CM-41,CG-42,BS-45,BQ-41
CL-41,CM-41,CG-39,BS-45,BQ-41
AU-40,AP-45,AT-43,BS-45,BQ-41
AV-40,AP-45,AT-43,BS-45,BQ-41
AW-40,AP-45,AU-43,BS-45,BQ-41
AX-40,AZ-33,AY-36,BS-45,BQ-41
AY-40,AZ-33,AY-36,BS-45,BQ-41
AZ-40,AZ-33,AY-36,BS-45,BQ-41
BA-40,BE-46,AY-36,BS-45,BQ-41
BC-40,BE-46,BD-37,BS-45,BQ-41
BD-40,BE-46,BD-37,BS-45,BQ-41
BE-40,BE-46,BG-43,BS-45,BQ-41
BG-40,BE-46,BG-43,BS-45,BQ-41
BI-40,BO-38,BK-40,BS-45,BQ-41
BJ-40,BO-38,BK-40,BS-45,BQ-41
BL-40,BO-38,BL-41,BS-45,BQ-41
BM-40,BO-38,BL-41,BS-45,BQ-41
BN-40,BO-38,BL-41,BS-45,BQ-41
CA-40,CA-41,CG-39,BS-45,BQ-41
CC-40,CA-41,CG-39,BS-45,BQ-41
CD-40,CA-41,CG-39,BS-45,BQ-41
CE-40,CA-41,CG-39,BS-45,BQ-41
CF-40,CA-41,CG-39,BS-45,BQ-41
CG-40,CA-41,CG-39,BS-45,BQ-41
CH-40,CM-41,CG-39,BS-45,BQ-41
CI-40,CM-41,CG-39,BS-45,BQ-41
CJ-40,CM-41,CG-39,BS-45,BQ-41
CK-40,CM-41,CG-39,BS-45,BQ-41
CL-40,CN-40,CG-39,BS-45,BQ-41
CM-40,CM-41,CG-39,BS-45,BQ-41
AW-39,AZ-33,AY-36,BS-45,BQ-41
AX-39,AZ-33,AY-36,BS-45,BQ-41
AY-39,AZ-33,AY-36,BS-45,BQ-41
AZ-39,AZ-33,AY-36,BS-45,BQ-41
BA-39,AZ-33,AY-36,BS-45,BQ-41
BE-39,BE-46,BD-37,BS-45,BQ-41
BI-39,BO-38,BK-40,BS-45,BQ-41
BJ-39,BO-38,BK-40,BS-45,BQ-41
BK-39,BO-38,BK-40,BS-45,BQ-41
BL-39,BO-38,BK-40,BS-45,BQ-41
BM-39,BO-38,BL-41,BS-45,BQ-41
BN-39,BO-38,BL-41,BS-45,BQ-41
CE-39,CA-41,CG-39,BS-45,BQ-41
CF-39,CA-41,CG-39,BS-45,BQ-41
CH-39,CM-41,CG-39,BS-45,BQ-41
CI-39,CM-41,CG-39,BS-45,BQ-41
CJ-39,CN-40,CG-39,BS-45,BQ-41
CK-39,CN-40,CG-39,BS-45,BQ-41
CL-39,CN-40,CG-39,BS-45,BQ-41
CM-39,CN-40,CG-39,BS-45,BQ-41
CN-39,CN-40,CG-39,BS-45,BQ-41
AW-38,AZ-33,AY-36,BS-45,BQ-41
AX-38,AZ-33,AY-36,BS-45,BQ-41
AY-38,AZ-33,AY-36,BS-45,BQ-41
AZ-38,AZ-33,AY-36,BS-45,BQ-41
BA-38,AZ-33,AY-36,BS-45,BQ-41
BJ-38,BK-34,BK-40,BS-45,BQ-41
BK-38,BO-38,BK-40,BS-45,BQ-41
BL-38,BO-38,BK-40,BS-45,BQ-41
BM-38,BO-38,BK-40,BS-45,BQ-41
BN-38,BO-38,BL-41,BS-45,BQ-41
AY-37,AZ-33,AY-36,BS-45,BQ-41
AZ-37,AZ-33,AY-36,BS-45,BQ-41
BA-37,AZ-33,AY-36,BS-45,BQ-41
BF-37,BK-34,BE-36,BS-45,BQ-41
BJ-37,BK-34,BK-40,BS-45,BQ-41
BK-37,BK-34,BK-40,BS-45,BQ-41
BL-37,BM-34,BK-40,BS-45,BQ-41
BM-37,BO-38,BK-40,BS-45,BQ-41
BN-37,BO-38,BK-40,BS-45,BQ-41
BO-37,BO-38,BL-41,BS-45,BQ-41
BP-37,BP-38,BL-41,BS-45,BQ-41
AZ-36,AZ-33,AY-36,BS-45,BQ-41
BA-36,AZ-33,AY-36,BS-45,BQ-41
BB-36,AZ-33,BC-36,BS-45,BQ-41
BF-36,BK-34,BE-36,BS-45,BQ-41
BH-36,BK-34,BE-36,BS-45,BQ-41
BJ-36,BK-34,BH-33,BS-45,BQ-41
BK-36,BK-34,BK-40,BS-45,BQ-41
BL-36,BM-34,BJ-32,BS-45,BQ-41
BM-36,BM-34,BK-40,BS-45,BQ-41
BO-36,BP-38,BL-41,BS-45,BQ-41
AZ-35,AZ-33,AY-35,BS-45,BQ-41
BA-35,AZ-33,BA-34,BS-45,BQ-41
BB-35,BA-32,BA-34,BS-45,BQ-41
BC-35,BA-32,BC-36,BS-45,BQ-41
BD-35,BA-32,BD-36,BS-45,BQ-41
BE-35,BA-32,BD-36,BS-45,BQ-41
BF-35,BK-34,BE-36,BS-45,BQ-41
BG-35,BK-34,BE-36,BS-45,BQ-41
BH-35,BK-34,BH-33,BS-45,BQ-41
BI-35,BK-34,BH-33,BS-45,BQ-41
BJ-35,BK-34,BH-33,BS-45,BQ-41
BK-35,BK-34,BJ-32,BS-45,BQ-41
BL-35,BK-34,BJ-32,BS-45,BQ-41
BM-35,BM-34,BJ-32,BS-45,BQ-41
BN-35,BM-34,BK-31,BS-45,BQ-41
BB-34,BA-32,BA-34,BS-45,BQ-41
BC-34,BA-32,BA-34,BS-45,BQ-41
BD-34,BA-32,BD-36,BS-45,BQ-41
BE-34,BA-32,BD-36,BS-45,BQ-41
BF-34,BK-34,BH-33,BS-45,BQ-41
BG-34,BK-34,BH-33,BS-45,BQ-41
BH-34,BK-34,BH-33,BS-45,BQ-41
BI-34,BK-34,BH-33,BS-45,BQ-41
BJ-34,BK-34,BJ-32,BS-45,BQ-41
BC-33,BA-32,BB-33,BS-45,BQ-41
BD-33,BA-32,BB-33,BS-45,BQ-41
BE-33,BA-32,BB-33,BS-45,BQ-41
BF-33,BA-32,BH-33,BS-45,BQ-41
BG-33,BK-33,BH-33,BS-45,BQ-41
BI-33,BK-33,BH-33,BS-45,BQ-41
BJ-33,BK-33,BJ-32,BS-45,BQ-41
BL-33,BL-34,BK-31,BS-45,BQ-41
BB-32,BA-32,BB-33,BS-45,BQ-41
BC-32,BA-32,BB-33,BS-45,BQ-41
BD-32,BA-31,BB-33,BS-45,BQ-41
BE-32,BA-32,BB-33,BS-45,BQ-41
BF-32,BA-31,BH-33,BS-45,BQ-41
BG-32,BK-33,BH-33,BS-45,BQ-41
BH-32,BK-33,BH-33,BS-45,BQ-41
BI-32,BK-33,BH-33,BS-45,BQ-41
BK-32,BK-33,BJ-32,BS-45,BQ-41
BL-32,BM-31,BK-31,BS-45,BQ-41
BM-32,BM-33,BK-31,BS-45,BQ-41
AX-31,AY-30,AY-33,BS-45,BQ-41
AY-31,AZ-32,AY-33,BS-45,BQ-41
BB-31,BA-31,BB-33,BS-45,BQ-41
BC-31,BA-31,BB-33,BS-45,BQ-41
BD-31,BA-30,BF-29,BS-45,BQ-41
BE-31,BA-31,BF-29,BS-45,BQ-41
BF-31,BA-30,BG-29,BS-45,BQ-41
BG-31,BK-33,BH-33,BS-45,BQ-41
BH-31,BK-28,BG-29,BS-45,BQ-41
BI-31,BK-33,BJ-32,BS-45,BQ-41
BJ-31,BK-28,BJ-32,BS-45,BQ-41
BL-31,BM-31,BK-31,BS-45,BQ-41
AX-30,AY-30,AY-33,BS-45,BQ-41
BB-30,BA-30,BB-33,BS-45,BQ-41
BC-30,BA-30,BB-33,BS-45,BQ-41
BD-30,BA-30,BF-29,BS-45,BQ-41
BE-30,BA-30,BF-29,BS-45,BQ-41
BF-30,BG-26,BG-29,BS-45,BQ-41
BG-30,BK-28,BG-29,BS-45,BQ-41
BH-30,BK-28,BG-29,BS-45,BQ-41
BI-30,BK-28,BJ-32,BS-45,BQ-41
BJ-30,BK-28,BK-31,BS-45,BQ-41
BK-30,BM-31,BK-31,BS-45,BQ-41
BL-30,BM-31,BK-31,BS-45,BQ-41
AX-29,AY-29,AY-33,BS-45,BQ-41
BB-29,BA-29,BF-29,BS-45,BQ-41
BC-29,BA-29,BF-29,BS-45,BQ-41
BD-29,BA-29,BF-29,BS-45,BQ-41
BE-29,BG-26,BF-29,BS-45,BQ-41
BH-29,BK-28,BG-29,BS-45,BQ-41
BI-29,BK-28,BG-29,BS-45,BQ-41
BJ-29,BK-28,BK-31,BS-45,BQ-41
BK-29,BK-28,BK-31,BS-45,BQ-41
BL-29,BK-28,BK-31,BS-45,BQ-41
AX-28,AY-28,BB-25,BS-45,BQ-41
BB-28,BA-28,BC-25,BS-45,BQ-41
BC-28,BA-28,BF-29,BS-45,BQ-41
BD-28,BA-27,BF-29,BS-45,BQ-41
BE-28,BG-26,BF-29,BS-45,BQ-41
BF-28,BG-26,BF-29,BS-45,BQ-41
BG-28,BG-26,BF-29,BS-45,BQ-41
BI-28,BK-28,BG-29,BS-45,BQ-41
AY-27,AY-28,BB-25,BS-45,BQ-41
AZ-27,AZ-28,BB-25,BS-45,BQ-41
BB-27,BA-27,BC-25,BS-45,BQ-41
BC-27,BA-27,BC-25,BS-45,BQ-41
BD-27,BA-27,BC-25,BS-45,BQ-41
BE-27,BG-26,BF-29,BS-45,BQ-41
BF-27,BG-26,BF-29,BS-45,BQ-41
BG-27,BG-26,BF-29,BS-45,BQ-41
AY-26,AZ-28,BB-25,BS-45,BQ-41
AZ-26,BA-27,BB-25,BS-45,BQ-41
BA-26,BA-27,BB-25,BS-45,BQ-41
BB-26,BA-27,BC-25,BS-45,BQ-41
BC-26,BA-27,BC-25,BS-45,BQ-41
BD-26,BG-26,BC-25,BS-45,BQ-41
BE-26,BG-26,BC-25,BS-45,BQ-41
BF-26,BG-26,BD-24,BS-45,BQ-41
AY-25,BA-27,BB-25,BS-45,BQ-41
AZ-25,BA-27,BB-25,BS-45,BQ-41
BA-25,BA-27,BB-25,BS-45,BQ-41
BD-25,BG-25,BC-25,BS-45,BQ-41
BE-25,BG-25,BD-24,BS-45,BQ-41
BF-25,BG-25,BD-24,BS-45,BQ-41
BA-24,BA-27,BB-25,BS-45,BQ-41
BB-24,BA-27,BB-25,BS-45,BQ-41
BE-24,BG-24,BD-24,BS-45,BQ-41
BF-24,BG-24,BD-24,BS-45,BQ-41
AY-23,BA-27,BB-25,BS-45,BQ-41
AZ-23,BA-27,BB-25,BS-45,BQ-41
BA-23,BA-27,BB-25,BS-45,BQ-41
BB-23,BG-24,BC-24,BS-45,BQ-41
BC-23,BG-24,BC-24,BS-45,BQ-41
BD-23,BG-24,BD-24,BS-45,BQ-41
BE-23,BG-24,BD-24,BS-45,BQ-41
BF-23,BG-24,BD-24,BS-45,BQ-41
AW-22,AZ-18,BB-25,BS-45,BQ-41
AX-22,AZ-18,BB-20,BS-45,BQ-41
AY-22,AZ-18,BB-25,BS-45,BQ-41
AZ-22,AZ-18,BB-20,BS-45,BQ-41
BA-22,AZ-18,BB-25,BS-45,BQ-41
BB-22,BE-18,BB-20,BS-45,BQ-41
BC-22,BG-24,BD-24,BS-45,BQ-41
BD-22,BF-19,BD-24,BS-45,BQ-41
BE-22,BG-24,BD-24,BS-45,BQ-41
BF-22,BH-24,BD-24,BS-45,BQ-41
BG-22,BH-24,BD-24,BS-45,BQ-41
BH-22,BH-24,BD-24,BS-45,BQ-41
AW-21,AZ-18,BB-20,BS-45,BQ-41
AX-21,AZ-18,BB-20,BS-45,BQ-41
AY-21,AZ-18,BB-20,BS-45,BQ-41
AZ-21,AZ-18,BB-20,BS-45,BQ-41
BA-21,AZ-18,BB-20,BS-45,BQ-41
BB-21,AZ-18,BB-20,BS-45,BQ-41
BC-21,BE-18,BB-20,BS-45,BQ-41
BD-21,BF-19,BC-19,BS-45,BQ-41
BE-21,BF-19,BC-19,BS-45,BQ-41
BF-21,BF-19,BC-19,BS-45,BQ-41
BG-21,BF-19,BD-24,BS-45,BQ-41
BH-21,BF-19,BC-19,BS-45,BQ-41
AV-20,AZ-18,BB-20,BS-45,BQ-41
AW-20,AZ-18,BB-20,BS-45,BQ-41
AX-20,AZ-18,BB-20,BS-45,BQ-41
AY-20,AZ-18,BB-20,BS-45,BQ-41
AZ-20,AZ-18,BB-20,BS-45,BQ-41
BA-20,AZ-18,BB-20,BS-45,BQ-41
BC-20,BE-18,BB-20,BS-45,BQ-41
BD-20,BE-18,BC-19,BS-45,BQ-41
BE-20,BF-19,BC-19,BS-45,BQ-41
BF-20,BF-19,BC-19,BS-45,BQ-41
BG-20,BF-19,BC-19,BS-45,BQ-41
BH-20,BF-19,BC-19,BS-45,BQ-41
AV-19,AZ-18,BB-19,BS-45,BQ-41
AW-19,AZ-18,BB-20,BS-45,BQ-41
AX-19,AZ-18,BB-19,BS-45,BQ-41
AY-19,AZ-18,BB-20,BS-45,BQ-41
AZ-19,AZ-18,BB-19,BS-45,BQ-41
BA-19,AZ-18,BB-20,BS-45,BQ-41
BD-19,BE-18,BC-19,BS-45,BQ-41
BE-19,BF-19,BC-19,BS-45,BQ-41
BG-19,BF-19,BC-19,BS-45,BQ-41
AV-18,AZ-18,BB-19,BS-45,BQ-41
AW-18,AZ-18,BB-19,BS-45,BQ-41
AX-18,AZ-18,BB-19,BS-45,BQ-41
AY-18,AZ-18,BB-19,BS-45,BQ-41
BA-18,AZ-18,BB-19,BS-45,BQ-41
BB-18,AZ-18,BB-19,BS-45,BQ-41
AW-17,AZ-18,BB-19,BS-45,BQ-41
AX-17,AZ-18,BB-19,BS-45,BQ-41
AY-17,AZ-18,BB-19,BS-45,BQ-41
AZ-17,AZ-18,BB-19,BS-45,BQ-41
BA-17,AZ-18,BB-19,BS-45,BQ-41
BB-17,BD-17,BB-19,BS-45,BQ-41
BC-17,BD-17,BB-19,BS-45,BQ-41
BG-17,BF-18,BC-19,BS-45,BQ-41
BJ-17,BF-17,BC-19,BS-45,BQ-41
AY-16,AZ-18,BB-19,BS-45,BQ-41
BA-16,AZ-18,BB-19,BS-45,BQ-41
BB-16,BD-16,BB-19,BS-45,BQ-41
BC-16,BD-17,BB-19,BS-45,BQ-41
BF-16,BF-17,BC-19,BS-45,BQ-41
BJ-16,BF-17,BC-19,BS-45,BQ-41
BC-15,BD-16,BB-19,BS-45,BQ-41
BD-15,BD-16,BB-19,BS-45,BQ-41
BE-15,BD-16,BB-19,BS-45,BQ-41
BF-15,BE-16,BC-19,BS-45,BQ-41
BG-15,BF-17,BC-19,BS-45,BQ-41
BH-15,BF-17,BC-19,BS-45,BQ-41
BC-14,BD-16,BB-19,BS-45,BQ-41
BD-14,BD-16,BB-19,BS-45,BQ-41
BE-14,BD-16,BB-19,BS-45,BQ-41
BF-14,BE-16,BC-19,BS-45,BQ-41
BG-14,BF-17,BC-19,BS-45,BQ-41
BE-13,BD-16,BB-19,BS-45,BQ-41
BF-13,BH-11,BB-19,BS-45,BQ-41
BG-13,BH-11,BC-19,BS-45,BQ-41
BH-13,BH-11,BC-19,BS-45,BQ-41
BD-12,BH-11,BB-19,BS-45,BQ-41
BE-12,BH-11,BB-19,BS-45,BQ-41
BF-12,BH-11,BB-19,BS-45,BQ-41
BG-12,BH-11,BC-19,BS-45,BQ-41
BI-12,BH-11,BC-19,BS-45,BQ-41
BJ-12,BH-11,BC-19,BS-45,BQ-41
BI-11,BH-11,BC-19,BS-45,BQ-41
BJ-11,BH-11,BC-19,BS-45,BQ-41
BH-10,BH-11,BB-19,BS-45,BQ-41
BJ-10,BH-11,BC-19,BS-45,BQ-41
BI-9,BH-11,BC-19,BS-45,BQ-41
BJ-9,BH-11,BC-19,BS-45,BQ-41
BK-8,BH-11,BC-19,BS-45,BQ-41
BL-8,BH-11,BC-19,BS-45,BQ-41
BK-7,BH-11,BC-19,BS-45,BQ-41
BL-7,BH-11,BC-19,BS-45,BQ-41
BM-7,BH-11,BC-19,BS-45,BQ-41
BL-5,BH-11,BC-19,BS-45,BQ-41
BK-4,BH-11,BB-19,BS-45,BQ-41
